"index","total_size","total_docs","doc_toDelete","sizesaving","sizesavingNonConvert","action_needed","action_took"
"metricbeat-7.10.2-2021.06.10-000029","53982884537","93779626","0","0",,,
"shrink-logstash-telecom-firepower-syslog-ilm-2021.05.27-000080","53630824126","97542570","0","0",,,
"shrink-winlogbeat-7.13.1-2021.06.26-000073","64589808730","45013592","0","0",,,
"shrink-winlogbeat-7.13.1-2021.06.26-000071","65365062884","43016411","0","0",,,
"inspire_log_prod-ilm-2021.06.30-000034","463073777","573112","0","0",,,
"shrink-winlogbeat-7.13.1-2021.06.26-000072","65490383475","44520470","0","0",,,
".reporting-2021-02-28","118180","1","0","0",,,
"logstash-linux-syslog-2021.06.02-000002","43959749884","55372976","28769127","21.2708165053661","22839365312.4411","DELETE_DOCS","NOTHING"
"logstash-linux-syslog-2021.06.02-000001","66972146915","82700653","56444613","42.5704177852206","45709638041.1448","DELETE_DOCS","NOTHING"
"shrink-logstash-telecom-pulsesecure-syslog-ilm-2021.05.16-000034","1284398","1501","0","0",,,"NOTHING"
"shrink-magento-aws-non_parse-ilm-2021.05.26-000029","52650826","67713","0","0",,,"NOTHING"
"prc_audit_log_prod-ilm-2021.04.28-000025","1638303113","2474932","1747884","1.07756560958726","1157027263.11789","DELETE_DOCS","NOTHING"
"logstash-telecom-elfiq-syslog-ilm-2021.06.07-000028","416","0","0","0",,,"NOTHING"
"shrink-logstash-telecom-firepower-syslog-ilm-2021.05.30-000082","53391189997","97068342","0","0",,,"NOTHING"
"logstash-telecom-cisco_acs-syslog-ilm-2021.06.08-000031","52374576","102251","0","0",,,"NOTHING"
"filebeat-7.10.2-2021.06.04-000015","17432840262","92404935","3718332","0.653312968366411","701489458.296605","DELETE_DOCS","NOTHING"
"shrink-inspire_log_prod-ilm-2021.05.19-000028","3758190853","5591481","0","0",,,"NOTHING"
"shrink-abc_audit_log_prod-ilm-2021.04.07-000022","1038481166","1301310","1301310","0",,,"NOTHING"
"logstash-telecom-coreswitch-syslog-2021.06.30","271738","186","0","0",,,"NOTHING"
"shrink-logstash-telecom-firepower-syslog-ilm-2021.06.10-000088","53668011776","97102967","0","0",,,"NOTHING"
"shrink-magento-aws-access_log-prod-ilm-2021.04.21-000024","26727923118","30246168","30246168","0",,,"NOTHING"
"logstash-telecom-snmptrap-else-ilm-2021.05.04-000023","416","0","0","0",,,"NOTHING"
"filebeat-linux-2021.06.15-000018","416","0","0","0",,,"NOTHING"
".reporting-2021-02-07","1033416","14","0","0",,,"NOTHING"
"logstash-telecom-coreswitch-syslog-2021.06.20","246400","360","0","0",,,"NOTHING"
"logstash-telecom-coreswitch-syslog-2021.06.21","318271","472","0","0",,,"NOTHING"
"logstash-telecom-coreswitch-syslog-2021.06.22","213164","306","0","0",,,"NOTHING"
"logstash-telecom-coreswitch-syslog-2021.06.23","264914","193","0","0",,,"NOTHING"
"logstash-telecom-coreswitch-syslog-2021.06.24","203980","194","0","0",,,"NOTHING"
"logstash-telecom-coreswitch-syslog-2021.06.25","326237","193","0","0",,,"NOTHING"
"logstash-telecom-firepower-mgmt-ilm-2021.06.21-000004","310784","814","0","0",,,"NOTHING"
"logstash-telecom-coreswitch-syslog-2021.06.26","379554","195","0","0",,,"NOTHING"
"heartbeat-7.10.2-2021.04.26-000001","602550224","1499600","118744","0.0444354543344248","47712205.787314","DELETE_DOCS","NOTHING"
"filebeat-7.12.0-2021.06.16","2678680521","5900542","0","0",,,"NOTHING"
"logstash-telecom-coreswitch-syslog-2021.06.27","400010","175","0","0",,,"NOTHING"
"logstash-telecom-coreswitch-syslog-2021.06.28","256464","191","0","0",,,"NOTHING"
"shrink-magento-aws-access_log-prod-ilm-2021.05.12-000027","22587833287","25849101","0","0",,,"NOTHING"
"logstash-telecom-coreswitch-syslog-2021.06.29","295016","181","0","0",,,"NOTHING"
"shrink-logstash-telecom-netscaler-syslog-ilm-2021.05.25-000070","54581431158","62228376","0","0",,,"NOTHING"
"abc_audit_log_prod-ilm-2021.06.30-000034","166581464","146150","0","0",,,"NOTHING"
"metricbeat-7.10.2-2021.06.29-000042","53812903756","91559094","0","0",,,"NOTHING"
"shrink-logstash-telecom-checkpoint-syslog-ilm-2021.06.16-000340","53327160093","40059257","0","0",,,"NOTHING"
"shrink-logstash-telecom-firepower-syslog-ilm-2021.06.21-000094","53325547812","95493750","0","0",,,"NOTHING"
".kibana-event-log-7.10.2-000004","871333226","4662889","0","0",,,"NOTHING"
".kibana-event-log-7.10.2-000005","1088831521","5413078","0","0",,,"NOTHING"
".kibana-event-log-7.10.2-000002","541030194","3124980","0","0",,,"NOTHING"
".kibana-event-log-7.10.2-000003","837212105","4547335","0","0",,,"NOTHING"
"winlogbeat-7.13.1-2021.06.13-000032","64586893120","44190127","0","0",,,"NOTHING"
"winlogbeat-7.13.1-2021.06.13-000031","65488164375","45545884","0","0",,,"NOTHING"
"logstash-telecom-coreswitch-syslog-2021.06.10","311790","232","0","0",,,"NOTHING"
"logstash-telecom-coreswitch-syslog-2021.06.11","285160","198","0","0",,,"NOTHING"
"logstash-telecom-coreswitch-syslog-2021.06.12","297622","202","0","0",,,"NOTHING"
"logstash-telecom-coreswitch-syslog-2021.06.13","213383","196","0","0",,,"NOTHING"
"metricbeat-7.10.2-2021.05.30-000021","53819115373","91599563","0","0",,,"NOTHING"
"logstash-telecom-coreswitch-syslog-2021.06.14","265947","196","0","0",,,"NOTHING"
"logstash-telecom-coreswitch-syslog-2021.06.15","221287","235","0","0",,,"NOTHING"
"logstash-telecom-coreswitch-syslog-2021.06.16","211634","293","0","0",,,"NOTHING"
"logstash-telecom-coreswitch-syslog-2021.06.17","307658","194","0","0",,,"NOTHING"
"shrink-inspire_log_prod-ilm-2021.06.02-000030","4034201010","6257795","0","0",,,"NOTHING"
"logstash-telecom-coreswitch-syslog-2021.06.18","229141","211","0","0",,,"NOTHING"
"shrink-logstash-telecom-fwsm-syslog-ilm-2021.05.28-000026","416","0","0","0",,,"NOTHING"
"logstash-telecom-coreswitch-syslog-2021.06.19","195725","205","0","0",,,"NOTHING"
"shrink-magento-aws-customer_log-prod-ilm-2021.05.26-000029","606840809","663531","0","0",,,"NOTHING"
"shrink-logstash-telecom-firepower-syslog-ilm-2021.06.07-000086","53413323376","96192451","0","0",,,"NOTHING"
"logstash-telecom-cisco_acs-syslog-ilm-2021.06.22-000033","32967178","69212","0","0",,,"NOTHING"
"shrink-logstash-telecom-checkpoint-syslog-ilm-2021.06.24-000352","53216103356","41783287","0","0",,,"NOTHING"
"logstash-telecom-firepower-syslog-ilm-2021.05.08-000071","54320614606","106175692","0","0",,,"NOTHING"
"shrink-logstash-telecom-checkpoint-syslog-ilm-2021.06.16-000339","53568746195","39742758","0","0",,,"NOTHING"
"winlogbeat-7.13.1-2021.06.07-000011","65479185532","42743469","0","0",,,"NOTHING"
"winlogbeat-7.13.1-2021.06.07-000013","65599148983","43811392","0","0",,,"NOTHING"
"logstash-telecom-cisco_asr-syslog-ilm-2021.05.18-000028","26467564","71019","0","0",,,"NOTHING"
"winlogbeat-7.13.1-2021.06.13-000030","65081976204","44973862","0","0",,,"NOTHING"
"filebeat-7.12.1-2021.06.16-900001","103029606","227988","0","0",,,"NOTHING"
"winlogbeat-7.13.1-2021.06.07-000012","64911588393","41710694","0","0",,,"NOTHING"
"logstash-telecom-firepower-syslog-ilm-2021.05.11-000072","54779038797","105993851","0","0",,,"NOTHING"
"logstash-telecom-coreswitch-syslog-2021.06.01","292180","119","0","0",,,"NOTHING"
"logstash-telecom-coreswitch-syslog-2021.06.02","340606","158","0","0",,,"NOTHING"
".apm-agent-configuration","566","0","0","0",,,"NOTHING"
"logstash-telecom-coreswitch-syslog-2021.06.03","258771","98","0","0",,,"NOTHING"
"logstash-telecom-coreswitch-syslog-2021.06.04","202614","186","0","0",,,"NOTHING"
"shrink-prc_audit_log_prod-ilm-2021.05.19-000028","1836842330","2558820","0","0",,,"NOTHING"
"logstash-telecom-coreswitch-syslog-2021.06.05","274281","189","0","0",,,"NOTHING"
"logstash-telecom-coreswitch-syslog-2021.06.06","271817","183","0","0",,,"NOTHING"
"shrink-logstash-telecom-checkpoint-syslog-ilm-2021.06.02-000317","53485374793","25932228","0","0",,,"NOTHING"
"logstash-telecom-coreswitch-syslog-2021.06.07","190284","190","0","0",,,"NOTHING"
"shrink-logstash-telecom-checkpoint-syslog-ilm-2021.06.02-000316","53953209394","25817709","0","0",,,"NOTHING"
"logstash-telecom-coreswitch-syslog-2021.06.08","304898","220","0","0",,,"NOTHING"
"logstash-telecom-coreswitch-syslog-2021.06.09","297293","249","0","0",,,"NOTHING"
"winlogbeat-7.13.1-2021.06.10-000023","65503342708","43971155","0","0",,,"NOTHING"
"failed-app-write-ilm","6047078","5778","0","0.00563178025186062","6047078","DELETE_INDEX","NOTHING"
"winlogbeat-7.13.1-2021.06.10-000021","64701241268","43916194","0","0",,,"NOTHING"
"winlogbeat-7.13.1-2021.06.10-000022","64900899689","41704020","0","0",,,"NOTHING"
"shrink-metricbeat-linux-2021.04.15-000035","416","0","0","0",,,"NOTHING"
"filebeat-linux-2021.05.18-000014","208","0","0","0",,,"NOTHING"
"shrink-logstash-telecom-nontraite-ilm-2021.05.31-000001","66669308","146165","0","0",,,"NOTHING"
"shrink-logstash-telecom-checkpoint-syslog-ilm-2021.06.05-000322","53411291870","42703394","0","0",,,"NOTHING"
"logstash-telecom-snmptrap-prime-ilm-2021.06.11-000028","2106210","10090","0","0",,,"NOTHING"
"logstash-telecom-elfiq-syslog-ilm-2021.06.21-000030","416","0","0","0",,,"NOTHING"
"metricbeat-7.8.0-2021.06.03-000020","416","0","0","0",,,"NOTHING"
"magento-aws-access_log-prod-ilm-2021.06.30-000034","1378142526","1283326","0","0",,,"NOTHING"
"metricbeat-7.8.0-2021.06.25-000023","416","0","0","0",,,"NOTHING"
"shrink-logstash-telecom-checkpoint-syslog-ilm-2021.06.13-000335","53835240932","41485433","0","0",,,"NOTHING"
"winlogbeat-7.11.1-2021.05.13-000012","21065049","12452","0","0",,,"NOTHING"
"shrink-logstash-telecom-checkpoint-syslog-ilm-2021.06.13-000334","53322746988","40786146","0","0",,,"NOTHING"
".kibana_2","6602636","6998","0","0",,,"NOTHING"
".kibana_1","167296","51","0","0",,,"NOTHING"
".kibana_3","533725365","8964","0","0",,,"NOTHING"
"shrink-winlogbeat-7.13.1-2021.06.23-000062","65126550119","42626525","0","0",,,"NOTHING"
"shrink-winlogbeat-7.13.1-2021.06.23-000063","65291696535","42403884","0","0",,,"NOTHING"
"shrink-winlogbeat-7.13.1-2021.06.23-000064","65616996823","45192627","0","0",,,"NOTHING"
"shrink-logstash-telecom-pulsesecure-syslog-ilm-2021.04.25-000031","1452532","1839","1397","0.00102763885329313","1103418.81674823","DELETE_DOCS","NOTHING"
".triggered_watches","112135121","20","0","0",,,"NOTHING"
"logstash-telecom-snmptrap-cacti-ilm-2021.05.11-000024","123198556","116722","0","0",,,"NOTHING"
"metricbeat-7.10.2-2021.06.13-000031","53707486403","92878315","0","0",,,"NOTHING"
"shrink-logstash-telecom-checkpoint-syslog-ilm-2021.05.30-000310","53213552858","26916193","0","0",,,"NOTHING"
"shrink-logstash-telecom-dhcp-logs-ilm-2021.05.11-000027","941217938","1830340","0","0",,,"NOTHING"
".apm-custom-link","522","0","0","0",,,"NOTHING"
"shrink-logstash-telecom-netscaler-syslog-ilm-2021.05.22-000068","54729327883","61672912","0","0",,,"NOTHING"
"shrink-metricbeat-linux-2021.04.01-000033","416","0","0","0",,,"NOTHING"
"filebeat-7.10.2-2021.06.01-000007","33570585378","116261270","62652459","16.848533373954","18090974956.6743","DELETE_DOCS","NOTHING"
"shrink-logstash-telecom-checkpoint-syslog-ilm-2021.05.30-000309","53764886139","27158449","0","0",,,"NOTHING"
"shrink-magento-aws-customer_log-prod-ilm-2021.06.09-000031","595211503","648848","0","0",,,"NOTHING"
"logstash-telecom-snmptrap-prime-ilm-2021.05.14-000024","9469328","10430","0","0",,,"NOTHING"
"shrink-logstash-telecom-netscaler-syslog-ilm-2021.05.28-000073","54568216394","60997824","0","0",,,"NOTHING"
"shrink-magento-aws-non_parse-ilm-2021.06.23-000033","52755359","68184","0","0",,,"NOTHING"
"inspire_audit_log_prod-ilm-2021.05.19-000028","876429398","1719472","0","0",,,"NOTHING"
"shrink-logstash-telecom-firepower-syslog-ilm-2021.05.19-000076","53394011618","97159630","0","0",,,"NOTHING"
"logstash-telecom-fwsm-syslog-ilm-2021.06.25-000030","416","0","0","0",,,"NOTHING"
"shrink-logstash-telecom-firepower-syslog-ilm-2021.06.24-000096","53382842917","95741713","0","0",,,"NOTHING"
"logstash-telecom-netscaler-syslog-ilm-2021.06.30-000093","11373903096","15011552","0","0",,,"NOTHING"
"shrink-logstash-telecom-cisco_asr-syslog-ilm-2021.06.22-000033","21266733","56871","0","0",,,"NOTHING"
"metricbeat-7.10.2-2021.06.24-000039","53963532302","91930653","0","0",,,"NOTHING"
"shrink-logstash-telecom-netscaler-syslog-ilm-2021.05.17-000064","54377775438","60371865","0","0",,,"NOTHING"
"shrink-winlogbeat-7.13.1-2021.06.21-000055","65503505063","46009226","0","0",,,"NOTHING"
"shrink-logstash-telecom-pulsesecure-syslog-ilm-2021.06.13-000038","928574","1391","0","0",,,"NOTHING"
"shrink-logstash-telecom-checkpoint-syslog-ilm-2021.06.08-000327","53406979386","40076361","0","0",,,"NOTHING"
"shrink-winlogbeat-7.13.1-2021.06.21-000056","65211159290","42181113","0","0",,,"NOTHING"
"shrink-winlogbeat-7.13.1-2021.06.21-000057","64952353867","41848884","0","0",,,"NOTHING"
"logstash-telecom-elfiq-syslog-ilm-2021.05.24-000026","159155202","471056","0","0",,,"NOTHING"
"shrink-logstash-telecom-checkpoint-syslog-ilm-2021.06.08-000326","53497233117","39930674","0","0",,,"NOTHING"
"inspire_audit_log_prod-ilm-2021.04.28-000025","855864510","1690866","1162327","0.547928995077815","588334278.59734","DELETE_DOCS","NOTHING"
"prc_audit_log_prod-ilm-2021.05.05-000026","1619363682","2449944","0","0",,,"NOTHING"
".kibana-event-log-7.8.0-000012","416","0","0","0",,,"NOTHING"
".kibana-event-log-7.8.0-000010","416","0","0","0",,,"NOTHING"
".kibana-event-log-7.8.0-000011","416","0","0","0",,,"NOTHING"
"metricbeat-7.10.2-2021.06.02-000023","53656063009","92674350","0","0",,,"NOTHING"
"shrink-magento-aws-non_parse-ilm-2021.04.21-000024","52488750","67432","67432","0",,,"NOTHING"
"shrink-filebeat-cluster_elk_prod-2021.05.11-000013","416","0","0","0",,,"NOTHING"
"filebeat-7.10.0","16903695662","37060758","23702697","10.0685113092176","10810981698.1239","DELETE_DOCS","NOTHING"
".transform-notifications-000002","58239","27","0","0",,,"NOTHING"
"prc_audit_log_prod-ilm-2021.04.14-000023","1641474386","2390562","2390562","0",,,"NOTHING"
"logstash-telecom-firepower-mgmt-ilm-2021.06.07-000002","260336","659","0","0",,,"NOTHING"
"logstash-telecom-snmptrap-else-ilm-2021.06.22-000030","416","0","0","0",,,"NOTHING"
"metricbeat-linux-2021.06.24-000045","1664","0","0","0",,,"NOTHING"
"logstash-telecom-snmptrap-cacti-ilm-2021.06.15-000029","41260098","133077","0","0",,,"NOTHING"
"metrics-endpoint.metadata_current_default","522","0","0","0",,,"NOTHING"
"filebeat-7.10.2-2021.06.18-000017","16179598123","39901432","0","0",,,"NOTHING"
"logstash-telecom-snmptrap-prime-ilm-2021.06.25-000030","3670551","8294","0","0",,,"NOTHING"
"filebeat-7.12.1-2021.06.17-000007","104232014","184279","0","0",,,"NOTHING"
"filebeat-7.12.1-2021.06.17-000008","43277896832","80425246","0","0",,,"NOTHING"
"shrink-magento-aws-customer_log-prod-ilm-2021.04.07-000022","576553067","632140","632140","0",,,"NOTHING"
"filebeat-7.11.1-2021.05.25-000007","2983319191","7798614","0","0",,,"NOTHING"
"app-write-000043","7651824853","3866429","0","0",,,"NOTHING"
"app-write","147552227","0","0","0",,,"NOTHING"
"shrink-logstash-telecom-checkpoint-syslog-ilm-2021.05.24-000296","54173211284","30347324","0","0",,,"NOTHING"
"shrink-logstash-telecom-netscaler-syslog-ilm-2021.06.05-000078","54122079040","83299039","0","0",,,"NOTHING"
"shrink-logstash-telecom-checkpoint-syslog-ilm-2021.05.24-000295","53765538411","29177014","0","0",,,"NOTHING"
"inspire_audit_log_prod-ilm-2021.06.30-000034","117693393","172378","0","0",,,"NOTHING"
"logstash-telecom-snmptrap-else-ilm-2021.06.01-000027","416","0","0","0",,,"NOTHING"
"shrink-logstash-telecom-checkpoint-syslog-ilm-2021.05.13-000270","53011559880","25388648","0","0",,,"NOTHING"
"shrink-logstash-telecom-checkpoint-syslog-ilm-2021.05.13-000271","53335452845","26558331","0","0",,,"NOTHING"
"shrink-logstash-telecom-checkpoint-syslog-ilm-2021.05.07-000256","53075993072","26385833","0","0",,,"NOTHING"
"shrink-logstash-telecom-netscaler-syslog-ilm-2021.05.06-000054","54479535838","60148983","0","0",,,"NOTHING"
"shrink-logstash-telecom-checkpoint-syslog-ilm-2021.05.07-000255","53108422724","25581716","0","0",,,"NOTHING"
"shrink-abc_audit_log_prod-ilm-2021.05.12-000027","1022078662","1272286","0","0",,,"NOTHING"
"shrink-logstash-telecom-checkpoint-syslog-ilm-2021.05.02-000243","53499959740","26669095","0","0",,,"NOTHING"
"filebeat-7.13.0-2021.06.07-000002","7020879","33592","0","0",,,"NOTHING"
"filebeat-7.11.1-2021.06.08-000009","3834631846","7597771","1","4.70043017026866E-07","504.70484646089","DELETE_DOCS","NOTHING"
"shrink-logstash-telecom-pulsesecure-syslog-ilm-2021.05.30-000036","1176914","1579","0","0",,,"NOTHING"
"logstash-telecom-fwsm-syslog-ilm-2021.06.04-000027","416","0","0","0",,,"NOTHING"
"shrink-logstash-telecom-checkpoint-syslog-ilm-2021.06.19-000345","53037054884","40386028","0","0",,,"NOTHING"
"shrink-logstash-telecom-checkpoint-syslog-ilm-2021.06.30-000360","53687492944","40515308","0","0",,,"NOTHING"
".kibana-event-log-7.8.0-000009","416","0","0","0",,,"NOTHING"
"winlogbeat-7.13.1-2021.06.04-000004","65272801853","43642797","0","0",,,"NOTHING"
".monitoring-logstash-7-mb-2021.06.30","661190886","4627998","0","0",,,"NOTHING"
"winlogbeat-7.13.1-2021.06.04-000005","65499005731","46217882","0","0",,,"NOTHING"
"winlogbeat-7.13.1-2021.06.04-000003","65616059291","44144758","0","0",,,"NOTHING"
"winlogbeat-7.10.2-2021.06.24-000004","15372010113","12012459","0","0",,,"NOTHING"
"logstash-telecom-elfiq-syslog-ilm-2021.05.03-000023","163142782","483138","0","0",,,"NOTHING"
"shrink-winlogbeat-7.10.2-2021.06.10-000002","16534194160","13641204","0","0",,,"NOTHING"
"metricbeat-7.10.2-2021.06.23-000038","53767654761","91834923","0","0",,,"NOTHING"
"shrink-logstash-telecom-netscaler-syslog-ilm-2021.06.27-000091","54815996211","83711112","0","0",,,"NOTHING"
"shrink-logstash-telecom-netscaler-syslog-ilm-2021.05.11-000059","54389061678","60517158","0","0",,,"NOTHING"
"logstash-telecom-snmptrap-else-ilm-2021.04.27-000022","416","0","0","0",,,"NOTHING"
"shrink-logstash-telecom-dhcp-logs-ilm-2021.04.27-000025","995402998","1833978","1088654","0.55029406065369","590873748.422659","DELETE_DOCS","NOTHING"
"prc_audit_log_prod-ilm-2021.03.31-000021","1847360455","2706384","2706384","0",,,"NOTHING"
"shrink-logstash-telecom-pulsesecure-syslog-ilm-2021.05.02-000032","1492732","1879","0","0",,,"NOTHING"
".monitoring-alerts-7","181945","212","0","0",,,"NOTHING"
"shrink-metricbeat-linux-2021.05.06-000038","416","0","0","0",,,"NOTHING"
".kibana-event-log-7.10.0-000008","416","0","0","0",,,"NOTHING"
"logstash-linux-syslog-2021.06.30-000006","32692032","51209","0","0",,,"NOTHING"
".kibana-event-log-7.10.0-000006","416","0","0","0",,,"NOTHING"
"winlogbeat-7.13.1-2021.06.30-000085","70926629300","42987120","0","0",,,"NOTHING"
".kibana-event-log-7.10.0-000007","416","0","0","0",,,"NOTHING"
"shrink-winlogbeat-7.11.1-2021.06.17-000017","15668326","9817","0","0",,,"NOTHING"
"shrink-logstash-telecom-netscaler-syslog-ilm-2021.06.11-000082","54426670812","83301987","0","0",,,"NOTHING"
"shrink-inspire_audit_log_prod-ilm-2021.06.09-000031","902033747","1656335","0","0",,,"NOTHING"
"shrink-logstash-telecom-checkpoint-syslog-ilm-2021.05.13-000269","53741304001","27930181","0","0",,,"NOTHING"
"shrink-prc_audit_log_prod-ilm-2021.06.02-000030","1787786792","2551604","0","0",,,"NOTHING"
"magento-aws-customer_log-prod-ilm-2021.03.31-000021","640448424","726101","726101","0",,,"NOTHING"
"shrink-logstash-telecom-netscaler-syslog-ilm-2021.06.22-000088","54928521828","83346034","0","0",,,"NOTHING"
"shrink-logstash-telecom-checkpoint-syslog-ilm-2021.05.18-000282","52995565305","25910366","0","0",,,"NOTHING"
"inspire_audit_log_prod-ilm-2021.06.02-000030","861194856","1729600","0","0",,,"NOTHING"
"shrink-logstash-telecom-checkpoint-syslog-ilm-2021.05.18-000281","53788066310","25953035","0","0",,,"NOTHING"
"shrink-filebeat-cluster_elk_prod-2021.06.01-000016","208","0","0","0",,,"NOTHING"
".kibana-event-log-7.10.0-000005","416","0","0","0",,,"NOTHING"
"metricbeat-7.10.2-2021.06.16-000033","53872711723","93174747","0","0",,,"NOTHING"
"shrink-logstash-telecom-firepower-syslog-ilm-2021.05.21-000077","53470283549","96742243","0","0",,,"NOTHING"
"logstash-telecom-snmptrap-cacti-ilm-2021.05.18-000025","126046102","120337","0","0",,,"NOTHING"
"inspire_audit_log_prod-ilm-2021.04.14-000023","823339058","1606025","1606025","0",,,"NOTHING"
"shrink-logstash-telecom-checkpoint-syslog-ilm-2021.05.28-000306","53350375560","26149851","0","0",,,"NOTHING"
"shrink-metricbeat-linux-2021.03.04-000029","416","0","0","0",,,"NOTHING"
"shrink-magento-aws-access_log-prod-ilm-2021.06.23-000033","25564360155","29734977","0","0",,,"NOTHING"
"shrink-logstash-telecom-netscaler-syslog-ilm-2021.05.23-000069","54711118952","61763465","0","0",,,"NOTHING"
"shrink-logstash-telecom-checkpoint-syslog-ilm-2021.05.28-000305","53637880569","25966141","0","0",,,"NOTHING"
"metricbeat-7.10.2-2021.06.05-000025","53763090667","92888439","0","0",,,"NOTHING"
"shrink-metricbeat-linux-2021.03.11-000030","416","0","0","0",,,"NOTHING"
"abc_audit_log_prod-ilm-2021.06.02-000030","1103076772","1488301","0","0",,,"NOTHING"
"shrink-winlogbeat-7.13.1-2021.06.20-000054","64796679754","45522596","0","0",,,"NOTHING"
"shrink-abc_audit_log_prod-ilm-2021.04.28-000025","1093151801","1403277","963816","0.699248155141864","750811989.53066","DELETE_DOCS","NOTHING"
"shrink-winlogbeat-7.13.1-2021.06.20-000053","64782920158","44638124","0","0",,,"NOTHING"
"filebeat-7.11.1-2021.06.01-000008","3926325565","8276229","0","0",,,"NOTHING"
"winlogbeat-7.11.1-2021.05.27-000014","20991450","12513","0","0",,,"NOTHING"
"shrink-logstash-telecom-netscaler-syslog-ilm-2021.06.25-000090","54547784711","81978086","0","0",,,"NOTHING"
"shrink-logstash-telecom-dhcp-logs-ilm-2021.05.25-000029","1023865022","1970324","0","0",,,"NOTHING"
"inspire_log_prod-ilm-2021.04.21-000024","3500646578","5676295","5676295","0",,,"NOTHING"
"shrink-winlogbeat-7.13.1-2021.06.20-000052","64741576600","43692483","0","0",,,"NOTHING"
"shrink-magento-aws-non_parse-ilm-2021.04.07-000022","52750728","67860","67860","0",,,"NOTHING"
"magento-aws-access_log-prod-ilm-2021.05.19-000028","24025972388","27952554","0","0",,,"NOTHING"
"shrink-logstash-telecom-checkpoint-syslog-ilm-2021.06.03-000318","45537294892","21753252","0","0",,,"NOTHING"
"logstash-telecom-cisco_acs-syslog-ilm-2021.05.11-000027","52922312","80058","0","0",,,"NOTHING"
".reporting-2020.07.26","284475","1","0","0",,,"NOTHING"
"shrink-logstash-telecom-checkpoint-syslog-ilm-2021.06.03-000319","53313935097","39853683","0","0",,,"NOTHING"
"shrink-winlogbeat-7.13.1-2021.06.17-000044","64316514712","42193261","0","0",,,"NOTHING"
"shrink-winlogbeat-7.13.1-2021.06.17-000045","65196891540","44549594","0","0",,,"NOTHING"
"shrink-winlogbeat-7.13.1-2021.06.17-000043","65787199524","44992973","0","0",,,"NOTHING"
"shrink-logstash-telecom-dhcp-logs-ilm-2021.06.01-000030","1043838960","2011908","0","0",,,"NOTHING"
"inspire_audit_log_prod-ilm-2021.05.05-000026","844851206","1681105","0","0",,,"NOTHING"
".async-search","49951","3","0","0",,,"NOTHING"
"filebeat-7.13.0-2021.05.31-000001","30004855","156435","0","0",,,"NOTHING"
"winlogbeat-7.13.1-2021.06.15-000036","65252309585","44467152","0","0",,,"NOTHING"
".siem-signals-default-000001","416","0","0","0",,,"NOTHING"
".siem-signals-default-000002","416","0","0","0",,,"NOTHING"
"winlogbeat-7.13.1-2021.06.08-000017","65137096339","44205969","0","0",,,"NOTHING"
".siem-signals-default-000003","416","0","0","0",,,"NOTHING"
"winlogbeat-7.13.1-2021.06.08-000016","64648492935","43049240","0","0",,,"NOTHING"
"shrink-logstash-telecom-checkpoint-syslog-ilm-2021.06.21-000348","53323450650","40561883","0","0",,,"NOTHING"
".siem-signals-default-000004","416","0","0","0",,,"NOTHING"
"winlogbeat-7.13.1-2021.06.08-000015","64958792267","43483065","0","0",,,"NOTHING"
"shrink-logstash-telecom-checkpoint-syslog-ilm-2021.06.21-000347","53601010411","42971728","0","0",,,"NOTHING"
".siem-signals-default-000005","416","0","0","0",,,"NOTHING"
"winlogbeat-7.13.1-2021.06.15-000039","64839960521","44264719","0","0",,,"NOTHING"
"winlogbeat-7.13.1-2021.06.15-000038","64511915143","41980185","0","0",,,"NOTHING"
"winlogbeat-7.13.1-2021.06.15-000037","64710076120","42026805","0","0",,,"NOTHING"
"shrink-logstash-telecom-firepower-syslog-ilm-2021.06.01-000083","53578299526","95702557","0","0",,,"NOTHING"
"shrink-logstash-telecom-checkpoint-syslog-ilm-2021.05.22-000291","53492398808","27008570","0","0",,,"NOTHING"
"shrink-logstash-telecom-checkpoint-syslog-ilm-2021.05.22-000292","53199435105","27471734","0","0",,,"NOTHING"
"shrink-abc_audit_log_prod-ilm-2021.06.09-000031","1119453534","1385965","0","0",,,"NOTHING"
"shrink-audit-write-000029","54479899550","36762082","36762082","0",,,"NOTHING"
"shrink-audit-write-000028","54129908808","36512184","36512184","0",,,"NOTHING"
"shrink-logstash-telecom-checkpoint-syslog-ilm-2021.06.26-000355","53388506217","41432359","0","0",,,"NOTHING"
"shrink-audit-write-000027","54268026040","36730283","36730283","0",,,"NOTHING"
"shrink-audit-write-000026","54686512420","36783633","36783633","0",,,"NOTHING"
"shrink-audit-write-000025","54460595959","36697589","36697589","0",,,"NOTHING"
"logstash-telecom-firepower-syslog-ilm-2021.05.06-000070","54722427669","106053091","0","0",,,"NOTHING"
"shrink-audit-write-000024","54511330048","36774021","36774021","0",,,"NOTHING"
"shrink-audit-write-000023","54366155132","36786872","36786872","0",,,"NOTHING"
"winlogbeat-7.13.1-2021.06.08-000014","66193463903","44848662","0","0",,,"NOTHING"
"logstash-telecom-firepower-syslog-ilm-2021.05.17-000075","54489408976","106014753","0","0",,,"NOTHING"
"winlogbeat-7.11.1-2021.04.29-000010","21887220","13147","2448","0.00379555670310311","4075447.97748536","DELETE_DOCS","NOTHING"
"shrink-logstash-telecom-firepower-syslog-ilm-2021.06.09-000087","53508049096","97508914","0","0",,,"NOTHING"
"shrink-logstash-telecom-checkpoint-syslog-ilm-2021.06.10-000330","52822376207","39449517","0","0",,,"NOTHING"
"shrink-logstash-telecom-cisco_asr-syslog-ilm-2021.06.08-000031","18470630","49563","0","0",,,"NOTHING"
"shrink-logstash-telecom-checkpoint-syslog-ilm-2021.05.19-000285","53237591498","26567754","0","0",,,"NOTHING"
"shrink-metricbeat-linux-2021.04.29-000037","416","0","0","0",,,"NOTHING"
"shrink-logstash-telecom-checkpoint-syslog-ilm-2021.05.19-000284","53897376221","26196455","0","0",,,"NOTHING"
"shrink-logstash-telecom-checkpoint-syslog-ilm-2021.05.19-000283","54530207689","27081712","0","0",,,"NOTHING"
"shrink-logstash-telecom-firepower-syslog-ilm-2021.06.12-000089","53475174306","96983881","0","0",,,"NOTHING"
"logstash-telecom-dhcp-logs-ilm-2021.06.29-000034","240058740","359798","0","0",,,"NOTHING"
"filebeat-7.11.1-2021.05.04-000004","1661738722","3729823","0","0",,,"NOTHING"
"shrink-winlogbeat-7.10.2-2021.06.17-000003","16554014760","13569140","0","0",,,"NOTHING"
"filebeat-7.5.2","87984587926","160116305","111484074","57.0537252000877","61260970962.337","DELETE_DOCS","NOTHING"
"filebeat-linux-2021.04.20-000011","416","0","0","0",,,"NOTHING"
"filebeat-7.12.0","5798339673","12059288","0","0",,,"NOTHING"
"shrink-filebeat-cluster_elk_prod-2021.05.18-000014","208","0","0","0",,,"NOTHING"
"logstash-telecom-snmptrap-else-ilm-2021.05.18-000025","416","0","0","0",,,"NOTHING"
"metricbeat-7.10.2-2021.06.08-000027","53544349095","92522123","0","0",,,"NOTHING"
"logstash-linux-syslog-2021.06.23-000005","5820659139","10324210","0","0",,,"NOTHING"
"shrink-winlogbeat-7.13.1-2021.06.28-000077","65044302150","43999752","0","0",,,"NOTHING"
"shrink-winlogbeat-7.13.1-2021.06.28-000078","65645846806","43959136","0","0",,,"NOTHING"
"shrink-winlogbeat-7.13.1-2021.06.28-000079","65168694592","44595859","0","0",,,"NOTHING"
"metricbeat-7.10.2-2021.06.27-000041","53783182716","91625482","0","0",,,"NOTHING"
"filebeat-linux-2021.06.29-000020","416","0","0","0",,,"NOTHING"
"prc_audit_log_prod-ilm-2021.05.12-000027","1559936788","2265027","0","0",,,"NOTHING"
"shrink-logstash-telecom-pulsesecure-syslog-ilm-2021.06.06-000037","979757","1448","0","0",,,"NOTHING"
"logstash-telecom-firepower-mgmt-ilm-2021.05.31-000001","676950","1495","0","0",,,"NOTHING"
"shrink-logstash-telecom-firepower-syslog-ilm-2021.05.28-000081","53278104782","97512732","0","0",,,"NOTHING"
"metricbeat-7.10.2-2021.06.19-000035","53870041458","93481471","0","0",,,"NOTHING"
"logstash-telecom-coreswitch-syslog-2021.04.29","112477","63","63","0",,,"NOTHING"
"logstash-telecom-coreswitch-syslog-2021.04.28","137108","85","85","0",,,"NOTHING"
"shrink-filebeat-cluster_elk_prod-2021.05.04-000012","416","0","0","0",,,"NOTHING"
"logstash-telecom-coreswitch-syslog-2021.04.27","91305","53","53","0",,,"NOTHING"
"logstash-telecom-cisco_asr-syslog-ilm-2021.06.29-000034","12564313","20682","0","0",,,"NOTHING"
"logstash-telecom-coreswitch-syslog-2021.04.26","155281","95","95","0",,,"NOTHING"
"logstash-telecom-coreswitch-syslog-2021.04.25","182558","47","47","0",,,"NOTHING"
"logstash-telecom-coreswitch-syslog-2021.04.24","92154","51","51","0",,,"NOTHING"
"logstash-telecom-coreswitch-syslog-2021.04.23","120426","79","79","0",,,"NOTHING"
"logstash-telecom-coreswitch-syslog-2021.04.22","137222","81","81","0",,,"NOTHING"
".reporting-2021-05-16","132543","1","0","0",,,"NOTHING"
"logstash-telecom-coreswitch-syslog-2021.04.21","175214","61","61","0",,,"NOTHING"
"logstash-telecom-coreswitch-syslog-2021.04.20","126074","77","77","0",,,"NOTHING"
"shrink-winlogbeat-7.13.1-2021.06.25-000070","64620026260","44756882","0","0",,,"NOTHING"
"magento-aws-customer_log-prod-ilm-2021.06.30-000034","42852482","34304","0","0",,,"NOTHING"
"shrink-magento-aws-customer_log-prod-ilm-2021.05.12-000027","547795530","592138","0","0",,,"NOTHING"
"logstash-telecom-else-2021.05.12","402856","229","0","0",,,"NOTHING"
"shrink-logstash-telecom-dhcp-logs-ilm-2021.06.08-000031","1058190354","2049282","0","0",,,"NOTHING"
"logstash-telecom-else-2021.05.14","335764","332","0","0",,,"NOTHING"
"logstash-telecom-else-2021.05.13","345330","319","0","0",,,"NOTHING"
"logstash-telecom-else-2021.05.16","396943","223","0","0",,,"NOTHING"
"logstash-telecom-else-2021.05.15","330433","203","0","0",,,"NOTHING"
"winlogbeat-7.11.1-2021.06.24-000018","15331149","7411","0","0",,,"NOTHING"
"shrink-logstash-telecom-netscaler-syslog-ilm-2021.05.31-000075","54558076524","61479847","0","0",,,"NOTHING"
"shrink-logstash-telecom-firepower-syslog-ilm-2021.06.28-000098","53568407189","91665115","0","0",,,"NOTHING"
"logstash-telecom-coreswitch-syslog-2021.04.30","76392","49","49","0",,,"NOTHING"
"shrink-inspire_log_prod-ilm-2021.06.16-000032","4028380649","6013664","0","0",,,"NOTHING"
"shrink-logstash-telecom-firepower-syslog-ilm-2021.06.26-000097","53207763346","95456047","0","0",,,"NOTHING"
"logstash-telecom-else-2021.05.21","455124","221","0","0",,,"NOTHING"
"logstash-telecom-else-2021.05.20","431825","334","0","0",,,"NOTHING"
"shrink-abc_audit_log_prod-ilm-2021.04.21-000024","1127226235","1428137","1428137","0",,,"NOTHING"
"shrink-logstash-telecom-firepower-syslog-ilm-2021.06.17-000092","53345392879","96567441","0","0",,,"NOTHING"
"logstash-telecom-else-2021.05.23","289789","164","0","0",,,"NOTHING"
"metricbeat-7.10.2-2021.06.20-000036","53763210082","93086326","0","0",,,"NOTHING"
"logstash-telecom-else-2021.05.22","298870","208","0","0",,,"NOTHING"
"logstash-telecom-else-2021.05.25","1844812","1955","0","0",,,"NOTHING"
"logstash-telecom-else-2021.05.24","578962","477","0","0",,,"NOTHING"
"logstash-telecom-else-2021.05.27","570378","640","0","0",,,"NOTHING"
"logstash-telecom-else-2021.05.26","515131","531","0","0",,,"NOTHING"
"shrink-magento-aws-access_log-prod-ilm-2021.04.28-000025","25651279437","28952631","17336560","14.3048745502769","15359742091.7055","DELETE_DOCS","NOTHING"
"logstash-telecom-coreswitch-syslog-2021.04.09","146938","75","75","0",,,"NOTHING"
"logstash-telecom-coreswitch-syslog-2021.04.08","191844","93","93","0",,,"NOTHING"
"logstash-telecom-else-2021.05.18","493416","385","0","0",,,"NOTHING"
"logstash-telecom-else-2021.05.17","439798","290","0","0",,,"NOTHING"
"logstash-telecom-coreswitch-syslog-2021.04.07","552339","2071","2071","0",,,"NOTHING"
"logstash-telecom-coreswitch-syslog-2021.04.06","149872","68","68","0",,,"NOTHING"
"logstash-telecom-coreswitch-syslog-2021.04.05","161814","60","60","0",,,"NOTHING"
"logstash-telecom-else-2021.05.19","319190","368","0","0",,,"NOTHING"
"logstash-telecom-coreswitch-syslog-2021.04.04","485404","1945","1945","0",,,"NOTHING"
"logstash-telecom-coreswitch-syslog-2021.04.03","97556","60","60","0",,,"NOTHING"
"logstash-telecom-coreswitch-syslog-2021.04.02","82915","51","51","0",,,"NOTHING"
"logstash-telecom-coreswitch-syslog-2021.04.01","106292","73","0","9.89921391010284E-05","106292","DELETE_INDEX","NOTHING"
"shrink-audit-write-000048","54041089766","36175926","0","0",,,"NOTHING"
"shrink-audit-write-000047","54360494980","36413074","0","0",,,"NOTHING"
"shrink-audit-write-000046","54316903998","36419453","0","0",,,"NOTHING"
"shrink-audit-write-000045","54600089144","36474967","0","0",,,"NOTHING"
"shrink-audit-write-000044","54469600938","36479523","0","0",,,"NOTHING"
"logstash-telecom-snmptrap-else-ilm-2021.06.15-000029","416","0","0","0",,,"NOTHING"
"shrink-audit-write-000043","54517369143","36469914","0","0",,,"NOTHING"
"shrink-audit-write-000042","54392740930","36434919","0","0",,,"NOTHING"
"inspire_log_prod-ilm-2021.04.07-000022","3228620000","5253938","5253938","0",,,"NOTHING"
"shrink-audit-write-000041","54330495074","36355233","0","0",,,"NOTHING"
"shrink-audit-write-000040","54699433452","36530822","0","0",,,"NOTHING"
"shrink-metricbeat-linux-2021.06.10-000043","416","0","0","0",,,"NOTHING"
"shrink-logstash-telecom-checkpoint-syslog-ilm-2021.05.11-000265","53093919224","25678902","0","0",,,"NOTHING"
"filebeat-7.10.2-2021.06.03-000009","32490072326","105467113","55596296","15.9506949219815","17126928259.596","DELETE_DOCS","NOTHING"
"shrink-logstash-telecom-checkpoint-syslog-ilm-2021.05.11-000264","53023145979","25474564","0","0",,,"NOTHING"
"logstash-telecom-else-2021.05.30","309709","310","0","0",,,"NOTHING"
"logstash-telecom-else-2021.05.31","382846","419","0","0",,,"NOTHING"
"shrink-logstash-telecom-netscaler-syslog-ilm-2021.05.20-000066","54302341495","60696689","0","0",,,"NOTHING"
"shrink-winlogbeat-7.13.1-2021.06.25-000069","64877631890","43858858","0","0",,,"NOTHING"
"logstash-telecom-coreswitch-syslog-2021.04.19","128912","76","76","0",,,"NOTHING"
"logstash-telecom-else-2021.05.29","326406","313","0","0",,,"NOTHING"
"logstash-telecom-coreswitch-syslog-2021.04.18","145455","135","135","0",,,"NOTHING"
"logstash-telecom-else-2021.05.28","303863","304","0","0",,,"NOTHING"
"logstash-telecom-coreswitch-syslog-2021.04.17","149936","60","60","0",,,"NOTHING"
"shrink-winlogbeat-7.13.1-2021.06.25-000068","65800934407","44459687","0","0",,,"NOTHING"
"logstash-telecom-coreswitch-syslog-2021.04.16","150416","67","67","0",,,"NOTHING"
"logstash-telecom-coreswitch-syslog-2021.04.15","144471","72","72","0",,,"NOTHING"
"shrink-audit-write-000039","54356426002","36479494","0","0",,,"NOTHING"
"logstash-telecom-coreswitch-syslog-2021.04.14","166843","42","42","0",,,"NOTHING"
"filebeat-7.12.1-2021.06.24-000009","4569955118","8029863","0","0",,,"NOTHING"
"shrink-audit-write-000038","54649353143","36480347","0","0",,,"NOTHING"
"logstash-telecom-coreswitch-syslog-2021.04.13","388732","1044","1044","0",,,"NOTHING"
"logstash-telecom-coreswitch-syslog-2021.04.12","187888","59","59","0",,,"NOTHING"
"shrink-audit-write-000037","54586383563","36455270","0","0",,,"NOTHING"
"shrink-logstash-telecom-netscaler-syslog-ilm-2021.06.20-000087","54627391997","82805035","0","0",,,"NOTHING"
"shrink-audit-write-000036","54643992273","36482815","0","0",,,"NOTHING"
"logstash-telecom-coreswitch-syslog-2021.04.11","145342","36","36","0",,,"NOTHING"
"logstash-telecom-coreswitch-syslog-2021.04.10","112369","41","41","0",,,"NOTHING"
"shrink-audit-write-000035","54447965150","36457347","0","0",,,"NOTHING"
"shrink-audit-write-000034","54443800754","36756803","0","0",,,"NOTHING"
"filebeat-7.10.2-2021.06.03-000011","33574870232","115703664","40978387","11.0744513710144","11891101614.9123","DELETE_DOCS","NOTHING"
"shrink-magento-aws-customer_log-prod-ilm-2021.04.21-000024","607851018","666150","666150","0",,,"NOTHING"
"filebeat-7.10.2-2021.06.03-000010","32322358205","96062631","38598049","12.0952275997961","12987151744.7002","DELETE_DOCS","NOTHING"
"shrink-audit-write-000033","54380535693","36530815","0","0",,,"NOTHING"
"shrink-metricbeat-linux-2021.03.18-000031","416","0","0","0",,,"NOTHING"
"filebeat-7.10.2-2021.06.03-000013","32373482455","106055939","67247455","19.1174696362187","20527226717.4581","DELETE_DOCS","NOTHING"
"shrink-audit-write-000032","54509373018","36765683","0","0",,,"NOTHING"
"shrink-audit-write-000031","53961888656","36327376","9972543","13.7961897883138","14813545987.5542","DELETE_DOCS","NOTHING"
"filebeat-7.10.2-2021.06.03-000012","32697066291","112158809","40689553","11.0473585057898","11862010872.3886","DELETE_DOCS","NOTHING"
"shrink-audit-write-000030","53707395132","36111181","36111181","0",,,"NOTHING"
"filebeat-7.10.2-2021.06.03-000014","32429239733","101799186","91031553","27.0075098935817","28999092934.8325","DELETE_DOCS","NOTHING"
"reindex-filebeat-7.10.1","27499805784","56153515","35930091","16.3874404762389","17595880227.6482","DELETE_DOCS","NOTHING"
"shrink-magento-aws-customer_log-prod-ilm-2021.06.23-000033","579276115","625611","0","0",,,"NOTHING"
"shrink-logstash-telecom-checkpoint-syslog-ilm-2021.05.16-000277","53321292780","27065640","0","0",,,"NOTHING"
"filebeat-7.10.2-2021.06.25-000018","13117415878","31934200","0","0",,,"NOTHING"
"shrink-logstash-telecom-checkpoint-syslog-ilm-2021.05.16-000276","53371807447","27506168","0","0",,,"NOTHING"
"shrink-logstash-telecom-checkpoint-syslog-ilm-2021.06.28-000358","53520349222","40970516","0","0",,,"NOTHING"
"shrink-logstash-telecom-checkpoint-syslog-ilm-2021.06.28-000357","53893402299","43728457","0","0",,,"NOTHING"
"shrink-logstash-telecom-netscaler-syslog-ilm-2021.05.08-000056","54641373831","60750453","0","0",,,"NOTHING"
"shrink-logstash-telecom-netscaler-syslog-ilm-2021.05.03-000052","54331291036","61441711","0","0",,,"NOTHING"
"shrink-logstash-telecom-checkpoint-syslog-ilm-2021.05.05-000251","53570769068","26654385","0","0",,,"NOTHING"
".items-telco-000001","522","0","0","0",,,"NOTHING"
"winlogbeat-7.13.1-2021.06.06-000010","65765984532","43562792","0","0",,,"NOTHING"
"shrink-logstash-telecom-checkpoint-syslog-ilm-2021.05.05-000250","53666474864","25684927","0","0",,,"NOTHING"
".siem-signals-elk_admin-000001","416","0","0","0",,,"NOTHING"
".siem-signals-elk_admin-000002","416","0","0","0",,,"NOTHING"
"winlogbeat-7.13.1-2021.06.06-000009","65322716883","43050966","0","0",,,"NOTHING"
"shrink-magento-aws-non_parse-ilm-2021.06.09-000031","52642901","67768","0","0",,,"NOTHING"
"winlogbeat-7.13.1-2021.06.12-000027","64716355965","43859737","0","0",,,"NOTHING"
"winlogbeat-7.13.1-2021.06.12-000028","65126007355","44575949","0","0",,,"NOTHING"
"shrink-logstash-telecom-nontraite-ilm-2021.06.14-000003","75487614","167203","0","0",,,"NOTHING"
"shrink-logstash-telecom-checkpoint-syslog-ilm-2021.06.12-000333","53146466136","40367331","0","0",,,"NOTHING"
"filebeat-linux-2021.06.22-000019","416","0","0","0",,,"NOTHING"
"winlogbeat-7.13.1-2021.06.12-000029","65891925179","46407509","0","0",,,"NOTHING"
"logstash-telecom-cisco_acs-syslog-ilm-2021.05.25-000029","70075540","104399","0","0",,,"NOTHING"
"shrink-prc_audit_log_prod-ilm-2021.06.16-000032","1923987448","2667317","0","0",,,"NOTHING"
"shrink-logstash-telecom-checkpoint-syslog-ilm-2021.06.17-000341","53581715165","41486066","0","0",,,"NOTHING"
"shrink-logstash-telecom-checkpoint-syslog-ilm-2021.06.17-000342","53248797962","44761174","0","0",,,"NOTHING"
"shrink-filebeat-cluster_elk_prod-2021.06.15-000018","416","0","0","0",,,"NOTHING"
"shrink-logstash-telecom-netscaler-syslog-ilm-2021.05.14-000061","54293999926","60231735","0","0",,,"NOTHING"
"filebeat-7.12.1-2021.05.13-000002","758953509","3263968","0","0",,,"NOTHING"
"shrink-logstash-telecom-checkpoint-syslog-ilm-2021.06.06-000323","53402187631","40596118","0","0",,,"NOTHING"
"logstash-linux-syslog-2021.06.01","632798699","1303678","0","0",,,"NOTHING"
"logstash-linux-syslog-2021.06.02","490045811","1026354","0","0",,,"NOTHING"
"logstash-telecom-snmptrap-cacti-ilm-2021.06.29-000031","19807030","36510","0","0",,,"NOTHING"
"shrink-logstash-telecom-checkpoint-syslog-ilm-2021.05.05-000249","54128201520","26407852","0","0",,,"NOTHING"
"metricbeat-7.8.0-2021.06.10-000021","416","0","0","0",,,"NOTHING"
".lists-default-000001","416","0","0","0",,,"NOTHING"
"shrink-logstash-telecom-netscaler-syslog-ilm-2021.06.08-000080","54093202468","82370289","0","0",,,"NOTHING"
"shrink-logstash-telecom-checkpoint-syslog-ilm-2021.06.01-000315","53500367994","26141989","0","0",,,"NOTHING"
"logstash-telecom-snmptrap-prime-ilm-2021.05.28-000026","10024162","9879","0","0",,,"NOTHING"
"shrink-logstash-telecom-netscaler-syslog-ilm-2021.06.03-000077","54539407148","76112544","0","0",,,"NOTHING"
"shrink-logstash-telecom-checkpoint-syslog-ilm-2021.06.01-000313","53203332666","25947865","0","0",,,"NOTHING"
"shrink-logstash-telecom-checkpoint-syslog-ilm-2021.06.01-000314","53221966430","25507754","0","0",,,"NOTHING"
"shrink-winlogbeat-7.13.1-2021.06.19-000049","65899945975","46096540","0","0",,,"NOTHING"
".lists-telco-000001","522","0","0","0",,,"NOTHING"
"inspire_audit_log_prod-ilm-2021.03.31-000021","944515910","1891489","1891489","0",,,"NOTHING"
"filebeat-linux-2021.05.11-000013","416","0","0","0",,,"NOTHING"
"logstash-telecom-nontraite-ilm-2021.06.28-000005","25858835","49209","0","0",,,"NOTHING"
"shrink-inspire_log_prod-ilm-2021.05.26-000029","3719691025","5621978","0","0",,,"NOTHING"
"logstash-telecom-snmptrap-prime-ilm-2021.06.04-000027","2668676","10202","0","0",,,"NOTHING"
"shrink-metricbeat-linux-2021.04.08-000034","416","0","0","0",,,"NOTHING"
"infra-write","6493458","4557","0","0.00604750402271748","6493458","DELETE_INDEX","NOTHING"
"shrink-logstash-telecom-checkpoint-syslog-ilm-2021.05.26-000300","53422568683","26465894","0","0",,,"NOTHING"
"shrink-logstash-telecom-checkpoint-syslog-ilm-2021.05.26-000301","53616362142","25954352","0","0",,,"NOTHING"
"shrink-logstash-telecom-netscaler-syslog-ilm-2021.05.21-000067","54299664376","61499904","0","0",,,"NOTHING"
"shrink-logstash-telecom-firepower-syslog-ilm-2021.05.23-000078","53437074744","96840793","0","0",,,"NOTHING"
"shrink-winlogbeat-7.13.1-2021.06.19-000051","65444925509","45231473","0","0",,,"NOTHING"
"filebeat-linux-2021.06.08-000017","208","0","0","0",,,"NOTHING"
"shrink-winlogbeat-7.13.1-2021.06.19-000050","64368321694","45158870","0","0",,,"NOTHING"
"shrink-magento-aws-customer_log-prod-ilm-2021.06.02-000030","599455993","653183","0","0",,,"NOTHING"
"shrink-prc_audit_log_prod-ilm-2021.06.09-000031","1803224502","2449234","0","0",,,"NOTHING"
"logstash-telecom-elfiq-syslog-ilm-2021.06.14-000029","416","0","0","0",,,"NOTHING"
"shrink-logstash-telecom-nontraite-ilm-2021.06.07-000002","68236768","152752","0","0",,,"NOTHING"
"metricbeat-7.8.0-2021.05.27-000019","416","0","0","0",,,"NOTHING"
"shrink-winlogbeat-7.13.1-2021.06.22-000061","65902660086","44435180","0","0",,,"NOTHING"
"logstash-telecom-cisco_acs-syslog-ilm-2021.06.15-000032","40229070","82414","0","0",,,"NOTHING"
"shrink-winlogbeat-7.13.1-2021.06.22-000060","64667553392","42333310","0","0",,,"NOTHING"
"logstash-telecom-snmptrap-else-ilm-2021.06.29-000031","416","0","0","0",,,"NOTHING"
"shrink-logstash-telecom-netscaler-syslog-ilm-2021.06.23-000089","54658446850","83797725","0","0",,,"NOTHING"
"magento-aws-access_log-prod-ilm-2021.03.31-000021","25695552020","30360194","30360194","0",,,"NOTHING"
"filebeat-7.10.2-2021.06.11-000016","17179148079","42859312","0","0",,,"NOTHING"
"shrink-magento-aws-non_parse-ilm-2021.04.28-000025","52533756","67721","30860","0.0222951881610059","23939276.0024217","DELETE_DOCS","NOTHING"
"shrink-logstash-telecom-firepower-syslog-ilm-2021.06.14-000090","53283146894","96045072","0","0",,,"NOTHING"
"shrink-logstash-telecom-netscaler-syslog-ilm-2021.05.18-000065","54379522978","61241241","0","0",,,"NOTHING"
".watches","299750073","11","0","0",,,"NOTHING"
"shrink-logstash-telecom-checkpoint-syslog-ilm-2021.05.03-000246","53379758306","26456309","0","0",,,"NOTHING"
"shrink-logstash-telecom-netscaler-syslog-ilm-2021.05.29-000074","54743275830","62965839","0","0",,,"NOTHING"
"shrink-app-write-000041","8838610983","13528873","0","0",,,"NOTHING"
"logstash-telecom-firepower-mgmt-ilm-2021.06.14-000003","332520","927","0","0",,,"NOTHING"
"shrink-app-write-000040","8832249054","13456027","0","0",,,"NOTHING"
"shrink-abc_audit_log_prod-ilm-2021.05.05-000026","1096954506","1414760","0","0",,,"NOTHING"
"shrink-app-write-000042","8983315515","13908705","0","0",,,"NOTHING"
"shrink-logstash-telecom-checkpoint-syslog-ilm-2021.05.03-000244","53921749868","27365707","0","0",,,"NOTHING"
"shrink-logstash-telecom-checkpoint-syslog-ilm-2021.05.03-000245","52908895364","25271377","0","0",,,"NOTHING"
"shrink-app-write-000036","54056739851","65955746","1445","0.00110297378461452","1184309.08331618","DELETE_DOCS","NOTHING"
"shrink-app-write-000038","8612763617","13267404","452","0.000273272002286597","293423.578183343","DELETE_DOCS","NOTHING"
"shrink-app-write-000037","27073723236","60547875","0","0",,,"NOTHING"
"shrink-app-write-000039","9052553105","13948600","0","0",,,"NOTHING"
"winlogbeat-7.13.1-2021.06.03-000002","65644349260","45020735","0","0",,,"NOTHING"
"winlogbeat-7.13.1-2021.06.03-000001","65846252745","41592328","0","0",,,"NOTHING"
".management-beats","120284","20","0","0",,,"NOTHING"
"shrink-magento-aws-access_log-prod-ilm-2021.04.14-000023","26102583169","29778486","29778486","0",,,"NOTHING"
".items-default-000001","416","0","0","0",,,"NOTHING"
"shrink-logstash-telecom-checkpoint-syslog-ilm-2021.05.17-000279","52868594076","25578020","0","0",,,"NOTHING"
"shrink-logstash-telecom-checkpoint-syslog-ilm-2021.05.25-000299","53529733457","27043168","0","0",,,"NOTHING"
"shrink-logstash-telecom-checkpoint-syslog-ilm-2021.05.17-000278","53904464654","27478273","0","0",,,"NOTHING"
"filebeat-7.11.1-2021.06.15-000010","10631687705","14805423","0","0",,,"NOTHING"
"shrink-logstash-telecom-checkpoint-syslog-ilm-2021.05.25-000298","53412468978","26666939","0","0",,,"NOTHING"
"shrink-abc_audit_log_prod-ilm-2021.04.14-000023","1059760928","1321401","1321401","0",,,"NOTHING"
"shrink-logstash-telecom-checkpoint-syslog-ilm-2021.05.25-000297","54188993778","27628883","0","0",,,"NOTHING"
"shrink-logstash-telecom-checkpoint-syslog-ilm-2021.06.23-000351","53037165964","40653057","0","0",,,"NOTHING"
"shrink-logstash-telecom-netscaler-syslog-ilm-2021.05.02-000051","54346539833","62418722","0","0",,,"NOTHING"
"shrink-logstash-telecom-checkpoint-syslog-ilm-2021.05.14-000272","53622377844","26043842","0","0",,,"NOTHING"
"shrink-logstash-telecom-netscaler-syslog-ilm-2021.05.07-000055","54476419253","60135560","0","0",,,"NOTHING"
"shrink-logstash-telecom-nontraite-ilm-2021.06.21-000004","70896866","159676","0","0",,,"NOTHING"
"shrink-logstash-telecom-checkpoint-syslog-ilm-2021.05.14-000273","53475189369","26252762","0","0",,,"NOTHING"
"shrink-logstash-telecom-checkpoint-syslog-ilm-2021.05.06-000254","53848160217","26685790","0","0",,,"NOTHING"
"shrink-logstash-telecom-checkpoint-syslog-ilm-2021.05.06-000253","53490070668","25832451","0","0",,,"NOTHING"
"shrink-logstash-telecom-checkpoint-syslog-ilm-2021.05.06-000252","53886275874","25943001","0","0",,,"NOTHING"
"filebeat-7.10.2-2021.04.23-000002","20151552040","61674634","2895542","0.881113627887257","946088553.958921","DELETE_DOCS","NOTHING"
"shrink-magento-aws-non_parse-ilm-2021.06.16-000032","52669723","67978","0","0",,,"NOTHING"
"logstash-telecom-coreswitch-syslog-2021.05.30","135456","27","0","0",,,"NOTHING"
"logstash-telecom-coreswitch-syslog-2021.05.31","166485","34","0","0",,,"NOTHING"
"shrink-logstash-telecom-pulsesecure-syslog-ilm-2021.05.23-000035","1161508","1403","0","0",,,"NOTHING"
"logstash-telecom-snmptrap-prime-ilm-2021.05.21-000025","10326579","10688","0","0",,,"NOTHING"
"filebeat-7.12.1-2021.06.10-000006","6489039673","11993164","0","0",,,"NOTHING"
"shrink-logstash-telecom-checkpoint-syslog-ilm-2021.05.20-000286","53285409566","25957635","0","0",,,"NOTHING"
"shrink-prc_audit_log_prod-ilm-2021.06.23-000033","1789927930","2423150","0","0",,,"NOTHING"
"filebeat-7.11.1-2021.04.25-000003","3905172831","7999442","5553122","2.52474726395973","2710926732.34313","DELETE_DOCS","NOTHING"
"shrink-logstash-telecom-checkpoint-syslog-ilm-2021.05.20-000288","53550561561","26868904","0","0",,,"NOTHING"
"shrink-logstash-telecom-checkpoint-syslog-ilm-2021.05.20-000287","53136339674","25864606","0","0",,,"NOTHING"
"shrink-logstash-telecom-fwsm-syslog-ilm-2021.05.21-000025","416","0","0","0",,,"NOTHING"
"shrink-winlogbeat-7.11.1-2021.06.10-000016","20733386","12036","0","0",,,"NOTHING"
"shrink-magento-aws-customer_log-prod-ilm-2021.04.28-000025","1272371404","1341919","419652","0.370575774748881","397902708.309077","DELETE_DOCS","NOTHING"
"shrink-filebeat-cluster_elk_prod-2021.06.22-000019","416","0","0","0",,,"NOTHING"
"shrink-logstash-telecom-checkpoint-syslog-ilm-2021.05.17-000280","53638767047","26743920","0","0",,,"NOTHING"
"logstash-telecom-coreswitch-syslog-2021.05.20","549202","920","0","0",,,"NOTHING"
"logstash-telecom-coreswitch-syslog-2021.05.21","509076","947","0","0",,,"NOTHING"
"logstash-telecom-coreswitch-syslog-2021.05.22","476575","790","0","0",,,"NOTHING"
"logstash-telecom-coreswitch-syslog-2021.05.23","597044","942","0","0",,,"NOTHING"
"logstash-telecom-coreswitch-syslog-2021.05.24","239604","356","0","0",,,"NOTHING"
"metricbeat-7.10.2-2021.06.22-000037","53741179882","91967981","0","0",,,"NOTHING"
"shrink-logstash-telecom-dhcp-logs-ilm-2021.05.04-000026","1007699166","1857032","0","0",,,"NOTHING"
"logstash-telecom-coreswitch-syslog-2021.05.25","398760","453","0","0",,,"NOTHING"
"logstash-telecom-coreswitch-syslog-2021.05.26","577431","1068","0","0",,,"NOTHING"
"logstash-telecom-coreswitch-syslog-2021.05.27","613747","1012","0","0",,,"NOTHING"
"shrink-logstash-telecom-netscaler-syslog-ilm-2021.05.10-000058","54229403702","60368055","0","0",,,"NOTHING"
"logstash-telecom-coreswitch-syslog-2021.05.28","589163","1010","0","0",,,"NOTHING"
"logstash-telecom-coreswitch-syslog-2021.05.29","385691","553","0","0",,,"NOTHING"
"metricbeat-7.10.2-2021.06.03-000024","53791494602","92985622","0","0",,,"NOTHING"
"filebeat-7.13.0-2021.06.28-000005","8731231","12573","0","0",,,"NOTHING"
"shrink-logstash-telecom-pulsesecure-syslog-ilm-2021.05.09-000033","1180781","1420","0","0",,,"NOTHING"
"shrink-metricbeat-linux-2021.05.13-000039","416","0","0","0",,,"NOTHING"
"logstash-telecom-coreswitch-syslog-2021.05.10","116180","34","0","0",,,"NOTHING"
"logstash-telecom-coreswitch-syslog-2021.05.11","81916","53","0","0",,,"NOTHING"
"logstash-telecom-coreswitch-syslog-2021.05.12","140418","49","0","0",,,"NOTHING"
"shrink-inspire_audit_log_prod-ilm-2021.06.16-000032","970373838","1861103","0","0",,,"NOTHING"
"logstash-telecom-coreswitch-syslog-2021.05.13","145095","42","0","0",,,"NOTHING"
"logstash-telecom-coreswitch-syslog-2021.05.14","109430","30","0","0",,,"NOTHING"
"logstash-telecom-coreswitch-syslog-2021.05.15","126660","50","0","0",,,"NOTHING"
"logstash-telecom-coreswitch-syslog-2021.05.16","86982","33","0","0",,,"NOTHING"
"logstash-telecom-coreswitch-syslog-2021.05.17","282038","237","0","0",,,"NOTHING"
"logstash-telecom-coreswitch-syslog-2021.05.18","456898","856","0","0",,,"NOTHING"
"shrink-logstash-telecom-netscaler-syslog-ilm-2021.06.15-000084","54531508749","81920459","0","0",,,"NOTHING"
"logstash-telecom-coreswitch-syslog-2021.05.19","573188","951","0","0",,,"NOTHING"
"logstash-linux-syslog-2021.06.09-000003","6273461855","10971830","0","0",,,"NOTHING"
"shrink-magento-aws-non_parse-ilm-2021.06.02-000030","52732940","67993","0","0",,,"NOTHING"
"reindex-filebeat-7.12.1-2021.06.16-900002","803240020997","917887353","0","0",,,"NOTHING"
"metricbeat-7.10.2-2021.06.17-000034","53889579392","93565382","0","0",,,"NOTHING"
".monitoring-beats-7-2021.06.30","9273880","7727","0","0",,,"NOTHING"
"audit-write-000049","6022781462","3847213","0","0",,,"NOTHING"
"logs-index_pattern_placeholder","522","0","0","0",,,"NOTHING"
"shrink-winlogbeat-7.13.1-2021.06.27-000076","65326078268","45531802","0","0",,,"NOTHING"
"shrink-winlogbeat-7.13.1-2021.06.27-000075","65088483830","46012910","0","0",,,"NOTHING"
"shrink-winlogbeat-7.13.1-2021.06.27-000074","65565097980","45241552","0","0",,,"NOTHING"
"shrink-abc_audit_log_prod-ilm-2021.06.23-000033","1085176124","1337898","0","0",,,"NOTHING"
".monitoring-beats-7-2021.06.28","11710391","10080","0","0",,,"NOTHING"
".monitoring-beats-7-2021.06.29","11765686","10080","0","0",,,"NOTHING"
".monitoring-beats-7-2021.06.26","11954664","10080","0","0",,,"NOTHING"
"filebeat-7.13.0-2021.06.14-000003","16415306","40231","0","0",,,"NOTHING"
".monitoring-beats-7-2021.06.27","11977115","10080","0","0",,,"NOTHING"
"logstash-telecom-firepower-mgmt-ilm-2021.06.28-000005","188748","245","0","0",,,"NOTHING"
".monitoring-beats-7-2021.06.24","11791096","10080","0","0",,,"NOTHING"
".monitoring-beats-7-2021.06.25","11796476","10080","0","0",,,"NOTHING"
"shrink-logstash-telecom-netscaler-syslog-ilm-2021.05.26-000071","54779626476","60817785","0","0",,,"NOTHING"
".monitoring-beats-7-2021.06.23","12112896","10080","0","0",,,"NOTHING"
".tasks","219686","42","0","0",,,"NOTHING"
".monitoring-es-7-mb-2021.06.25","2490435967","2326355","0","0",,,"NOTHING"
"shrink-winlogbeat-7.13.1-2021.06.16-000042","64401499864","43497561","0","0",,,"NOTHING"
"inspire_log_prod-ilm-2021.03.31-000021","3873009876","6187823","6187823","0",,,"NOTHING"
"logstash-telecom-cisco_acs-syslog-ilm-2021.05.18-000028","45118252","67970","0","0",,,"NOTHING"
".monitoring-es-7-mb-2021.06.26","2475091319","2259482","0","0",,,"NOTHING"
".monitoring-es-7-mb-2021.06.27","2485320764","2313201","0","0",,,"NOTHING"
"logstash-telecom-snmptrap-cacti-ilm-2021.04.26-000022","132734041","129560","90955","0.086783684637993","93183271.8366394","DELETE_DOCS","NOTHING"
".monitoring-es-7-mb-2021.06.28","2530205372","2430486","0","0",,,"NOTHING"
".monitoring-es-7-mb-2021.06.24","2462349070","2284160","0","0",,,"NOTHING"
"filebeat-7.11.1-2021.06.29-000012","1337401771","1385932","0","0",,,"NOTHING"
"metrics-index_pattern_placeholder","522","0","0","0",,,"NOTHING"
".monitoring-es-7-mb-2021.06.29","2515316345","2351310","0","0",,,"NOTHING"
"winlogbeat-7.11.1-2021.06.03-000015","19999122","12053","0","0",,,"NOTHING"
"shrink-logstash-telecom-checkpoint-syslog-ilm-2021.06.04-000321","53062421340","42877891","0","0",,,"NOTHING"
".monitoring-es-7-mb-2021.06.30","2938035811","2344796","0","0",,,"NOTHING"
"shrink-logstash-telecom-checkpoint-syslog-ilm-2021.06.04-000320","53053249206","41006713","0","0",,,"NOTHING"
"shrink-logstash-telecom-netscaler-syslog-ilm-2021.06.28-000092","54768414901","83279048","0","0",,,"NOTHING"
"logstash-telecom-snmptrap-cacti-ilm-2021.06.22-000030","38240263","126523","0","0",,,"NOTHING"
"logstash-telecom-cisco_acs-syslog-ilm-2021.04.27-000025","45740716","69035","49685","0.0306590754060398","32919931.5486348","DELETE_DOCS","NOTHING"
"logstash-telecom-fwsm-syslog-ilm-2021.05.14-000024","416","0","0","0",,,"NOTHING"
"shrink-magento-aws-access_log-prod-ilm-2021.05.05-000026","26163994707","29580315","0","0",,,"NOTHING"
"shrink-logstash-telecom-checkpoint-syslog-ilm-2021.06.15-000338","53017071240","39442420","0","0",,,"NOTHING"
"shrink-logstash-telecom-checkpoint-syslog-ilm-2021.06.15-000337","53232100243","39982540","0","0",,,"NOTHING"
"metricbeat-7.10.2-2021.06.06-000026","53845639892","93355669","0","0",,,"NOTHING"
"prc_audit_log_prod-ilm-2021.04.21-000024","1640070608","2419913","2419913","0",,,"NOTHING"
"shrink-logstash-telecom-netscaler-syslog-ilm-2021.06.01-000076","54548571574","61885833","0","0",,,"NOTHING"
"shrink-logstash-telecom-netscaler-syslog-ilm-2021.06.17-000085","54442098033","81743411","0","0",,,"NOTHING"
".security-7","634344","182","0","0",,,"NOTHING"
"shrink-magento-aws-customer_log-prod-ilm-2021.04.14-000023","585197662","636514","636514","0",,,"NOTHING"
"shrink-logstash-telecom-cisco_asr-syslog-ilm-2021.05.11-000027","147362904","464799","0","0",,,"NOTHING"
"logstash-telecom-elfiq-syslog-ilm-2021.05.31-000027","58056681","172952","0","0",,,"NOTHING"
"winlogbeat-7.13.1-2021.06.14-000034","64562538496","42475164","0","0",,,"NOTHING"
"winlogbeat-7.13.1-2021.06.14-000035","65473545384","44158866","0","0",,,"NOTHING"
"winlogbeat-7.13.1-2021.06.14-000033","64686495641","44291069","0","0",,,"NOTHING"
"logstash-telecom-snmptrap-prime-ilm-2021.04.30-000022","10209718","10574","2839","0.00255293620995866","2741194.38263666","DELETE_DOCS","NOTHING"
"magento-aws-non_parse-ilm-2021.03.31-000021","47608316","67189","67189","0",,,"NOTHING"
"shrink-logstash-telecom-checkpoint-syslog-ilm-2021.06.20-000346","53128104862","40558598","0","0",,,"NOTHING"
"winlogbeat-7.13.1-2021.06.09-000018","65151346572","42870340","0","0",,,"NOTHING"
"winlogbeat-7.13.1-2021.06.09-000019","65311689635","42420215","0","0",,,"NOTHING"
"shrink-logstash-telecom-firepower-syslog-ilm-2021.06.03-000084","53494522342","96230550","0","0",,,"NOTHING"
"shrink-inspire_log_prod-ilm-2021.06.09-000031","4010881685","6035550","0","0",,,"NOTHING"
"shrink-logstash-telecom-checkpoint-syslog-ilm-2021.05.08-000258","53071463309","26815940","0","0",,,"NOTHING"
"shrink-metricbeat-linux-2021.04.22-000036","416","0","0","0",,,"NOTHING"
"shrink-logstash-telecom-netscaler-syslog-ilm-2021.06.06-000079","53847569116","83357312","0","0",,,"NOTHING"
"logstash-telecom-firepower-syslog-ilm-2021.05.04-000069","54729091212","106284541","0","0",,,"NOTHING"
"shrink-logstash-telecom-checkpoint-syslog-ilm-2021.05.23-000294","53732287986","29872676","0","0",,,"NOTHING"
"shrink-logstash-telecom-checkpoint-syslog-ilm-2021.05.23-000293","53348134400","27068501","0","0",,,"NOTHING"
"shrink-logstash-telecom-checkpoint-syslog-ilm-2021.05.08-000257","54034694008","27196806","0","0",,,"NOTHING"
"shrink-metricbeat-linux-2021.06.17-000044","416","0","0","0",,,"NOTHING"
"shrink-logstash-telecom-checkpoint-syslog-ilm-2021.06.25-000353","53792862826","41449672","0","0",,,"NOTHING"
"shrink-logstash-telecom-checkpoint-syslog-ilm-2021.06.25-000354","53152982564","40943049","0","0",,,"NOTHING"
"shrink-logstash-telecom-netscaler-syslog-ilm-2021.05.05-000053","54454321770","62088996","0","0",,,"NOTHING"
"shrink-logstash-telecom-checkpoint-syslog-ilm-2021.06.14-000336","53077424834","40045565","0","0",,,"NOTHING"
"logstash-telecom-firepower-syslog-ilm-2021.05.15-000074","54393162068","105377463","0","0",,,"NOTHING"
"logstash-telecom-snmptrap-else-ilm-2021.05.11-000024","416","0","0","0",,,"NOTHING"
"abc_audit_log_prod-ilm-2021.03.31-000021","1192454460","1567873","1567873","0",,,"NOTHING"
"shrink-logstash-telecom-checkpoint-syslog-ilm-2021.06.09-000328","53043727798","40237803","0","0",,,"NOTHING"
"shrink-logstash-telecom-checkpoint-syslog-ilm-2021.06.09-000329","53574208824","41912777","0","0",,,"NOTHING"
"inspire_log_prod-ilm-2021.05.05-000026","3352649020","5817795","0","0",,,"NOTHING"
"winlogbeat-7.13.1-2021.06.09-000020","65562037934","45214791","0","0",,,"NOTHING"
"filebeat-linux-2021.05.25-000015","208","0","0","0",,,"NOTHING"
"shrink-winlogbeat-7.13.1-2021.06.22-000058","65077940299","44750376","0","0",,,"NOTHING"
"shrink-logstash-telecom-netscaler-syslog-ilm-2021.05.16-000063","54453851650","61285723","0","0",,,"NOTHING"
"shrink-logstash-telecom-firepower-syslog-ilm-2021.06.19-000093","53215250444","96030588","0","0",,,"NOTHING"
"shrink-winlogbeat-7.13.1-2021.06.22-000059","65044589163","43912633","0","0",,,"NOTHING"
"shrink-magento-aws-customer_log-prod-ilm-2021.05.19-000028","604455872","659105","0","0",,,"NOTHING"
"metricbeat-7.8.0-2021.06.18-000022","416","0","0","0",,,"NOTHING"
"shrink-logstash-telecom-dhcp-logs-ilm-2021.06.22-000033","929839277","1788390","0","0",,,"NOTHING"
"logstash-telecom-cisco_asr-syslog-ilm-2021.05.25-000029","30505474","77124","0","0",,,"NOTHING"
"logstash-telecom-snmptrap-cacti-ilm-2021.05.04-000023","130255786","125651","0","0",,,"NOTHING"
"abc_audit_log_prod-ilm-2021.05.26-000029","1058738266","1394009","0","0",,,"NOTHING"
"winlogbeat-7.11.1-2021.05.20-000013","17943154","10314","0","0",,,"NOTHING"
"filebeat-7.12.1-2021.05.27-000004","725072554","3124273","0","0",,,"NOTHING"
"shrink-logstash-telecom-netscaler-syslog-ilm-2021.05.27-000072","54803407804","60774622","0","0",,,"NOTHING"
"logstash-telecom-cisco_acs-syslog-ilm-2021.06.01-000030","58075824","98862","0","0",,,"NOTHING"
"shrink-logstash-telecom-checkpoint-syslog-ilm-2021.05.31-000312","53527496589","25918788","0","0",,,"NOTHING"
"logstash-telecom-elfiq-syslog-ilm-2021.05.10-000024","162020988","483468","0","0",,,"NOTHING"
"shrink-logstash-telecom-checkpoint-syslog-ilm-2021.05.31-000311","53437569988","26742265","0","0",,,"NOTHING"
"metricbeat-7.10.2-2021.06.12-000030","54037963187","93337048","0","0",,,"NOTHING"
"filebeat-linux-2021.05.04-000012","416","0","0","0",,,"NOTHING"
"inspire_audit_log_prod-ilm-2021.05.12-000027","784040614","1528364","0","0",,,"NOTHING"
"shrink-webm_apigw_prd-000018","53908061581","8604208","0","0",,,"NOTHING"
"shrink-webm_apigw_prd-000017","53829447379","8261173","0","0",,,"NOTHING"
"shrink-logstash-telecom-dhcp-logs-ilm-2021.05.18-000028","899277302","1713677","0","0",,,"NOTHING"
"shrink-webm_apigw_prd-000019","54014483904","8881390","0","0",,,"NOTHING"
"shrink-logstash-telecom-firepower-syslog-ilm-2021.05.25-000079","53337254248","95087443","0","0",,,"NOTHING"
"shrink-webm_apigw_prd-000010","54060407148","7793136","0","0",,,"NOTHING"
"shrink-webm_apigw_prd-000012","53851413420","8909738","0","0",,,"NOTHING"
"shrink-webm_apigw_prd-000011","53837257254","7775628","0","0",,,"NOTHING"
"shrink-webm_apigw_prd-000014","55813420538","7383057","0","0",,,"NOTHING"
"shrink-webm_apigw_prd-000013","53678893474","8975624","0","0",,,"NOTHING"
"shrink-webm_apigw_prd-000016","54058111560","8791503","0","0",,,"NOTHING"
"shrink-webm_apigw_prd-000015","53979942938","8461221","0","0",,,"NOTHING"
"metricbeat-7.10.2-2021.06.09-000028","53750495210","92968249","0","0",,,"NOTHING"
"filebeat-7.10.2-2021.06.02-000008","33124442516","105070442","58364184","17.1362017521533","18399856525.7891","DELETE_DOCS","NOTHING"
"logstash-telecom-snmptrap-cacti-ilm-2021.06.01-000027","66325014","105750","0","0",,,"NOTHING"
"logstash-telecom-fwsm-syslog-ilm-2021.06.11-000028","416","0","0","0",,,"NOTHING"
"shrink-webm_apigw_prd-000007","53884726838","9731672","0","0",,,"NOTHING"
"shrink-webm_apigw_prd-000006","54025604615","8655931","0","0",,,"NOTHING"
"shrink-webm_apigw_prd-000009","53911989991","8668011","0","0",,,"NOTHING"
"shrink-webm_apigw_prd-000008","54173096114","9654381","0","0",,,"NOTHING"
"shrink-winlogbeat-7.13.1-2021.06.24-000067","64839105015","45631741","0","0",,,"NOTHING"
"shrink-winlogbeat-7.13.1-2021.06.24-000066","65188574911","45998334","0","0",,,"NOTHING"
"shrink-winlogbeat-7.13.1-2021.06.24-000065","66248787912","45513876","0","0",,,"NOTHING"
"shrink-webm_apigw_prd-000001","46023900530","9773464","9169029","40.2122506751276","43177575387.0568","DELETE_DOCS","NOTHING"
"shrink-webm_apigw_prd-000003","53704902778","10116633","0","0",,,"NOTHING"
"shrink-webm_apigw_prd-000002","40949403900","8721861","8097826","35.4084563506765","38019540506.9998","DELETE_DOCS","NOTHING"
"shrink-webm_apigw_prd-000005","53980121359","8891989","8384305","47.4025973046505","50898151292.2329","DELETE_DOCS","NOTHING"
"shrink-webm_apigw_prd-000004","53878502212","9407323","0","0",,,"NOTHING"
"shrink-logstash-telecom-checkpoint-syslog-ilm-2021.06.07-000325","53071228558","39774587","0","0",,,"NOTHING"
"shrink-logstash-telecom-checkpoint-syslog-ilm-2021.06.07-000324","53162625322","40191280","0","0",,,"NOTHING"
".monitoring-logstash-7-mb-2021.06.28","592790654","4872966","0","0",,,"NOTHING"
".monitoring-logstash-7-mb-2021.06.29","593863856","4872966","0","0",,,"NOTHING"
"shrink-magento-aws-access_log-prod-ilm-2021.06.16-000032","29184321580","33515981","0","0",,,"NOTHING"
".monitoring-logstash-7-mb-2021.06.26","590021377","4872966","0","0",,,"NOTHING"
".monitoring-logstash-7-mb-2021.06.27","591818040","4872966","0","0",,,"NOTHING"
"metricbeat-7.10.2-2021.06.01-000022","53979884704","92123472","0","0",,,"NOTHING"
".monitoring-logstash-7-mb-2021.06.24","590541368","4872966","0","0",,,"NOTHING"
"winlogbeat-7.10.2-2021.06.03-000001","17435437015","14320979","0","0",,,"NOTHING"
".monitoring-logstash-7-mb-2021.06.25","591172659","4872966","0","0",,,"NOTHING"
"inspire_audit_log_prod-ilm-2021.04.07-000022","805691304","1567981","1567981","0",,,"NOTHING"
"logstash-telecom-cisco_acs-syslog-ilm-2021.05.04-000026","48034302","71783","0","0",,,"NOTHING"
".transform-internal-005","69152","3","0","0",,,"NOTHING"
"magento-aws-access_log-prod-ilm-2021.05.26-000029","26200682870","30962631","0","0",,,"NOTHING"
"inspire_audit_log_prod-ilm-2021.04.21-000024","864165656","1700007","1700007","0",,,"NOTHING"
"shrink-magento-aws-non_parse-ilm-2021.05.05-000026","52536530","67777","0","0",,,"NOTHING"
"logstash-telecom-pulsesecure-syslog-ilm-2021.06.27-000040","1577872","684","0","0",,,"NOTHING"
"shrink-metricbeat-linux-2021.05.27-000041","416","0","0","0",,,"NOTHING"
"prc_audit_log_prod-ilm-2021.06.30-000034","243417960","257082","0","0",,,"NOTHING"
"logstash-telecom-cisco_acs-syslog-ilm-2021.06.29-000034","20061221","19488","0","0",,,"NOTHING"
"logstash-telecom-snmptrap-else-ilm-2021.06.08-000028","416","0","0","0",,,"NOTHING"
"filebeat-7.11.1-2021.05.18-000006","1037999657","5249987","714034","0.131479487951608","141175025.211746","DELETE_DOCS","NOTHING"
"shrink-logstash-telecom-checkpoint-syslog-ilm-2021.05.09-000259","53586342194","27355657","0","0",,,"NOTHING"
"shrink-magento-aws-non_parse-ilm-2021.05.12-000027","52690418","67851","0","0",,,"NOTHING"
"inspire_log_prod-ilm-2021.05.12-000027","3142868430","5075548","0","0",,,"NOTHING"
"shrink-logstash-telecom-netscaler-syslog-ilm-2021.06.10-000081","54340866950","80945612","0","0",,,"NOTHING"
"shrink-logstash-telecom-pulsesecure-syslog-ilm-2021.06.20-000039","685004","1105","0","0",,,"NOTHING"
"inspire_log_prod-ilm-2021.04.14-000023","3335837440","5387774","5387774","0",,,"NOTHING"
"filebeat-7.13.2","73680984044","99303009","0","0",,,"NOTHING"
"shrink-logstash-telecom-checkpoint-syslog-ilm-2021.06.29-000359","53367697732","40084826","0","0",,,"NOTHING"
"shrink-logstash-telecom-checkpoint-syslog-ilm-2021.05.04-000248","53088469498","25842863","0","0",,,"NOTHING"
"shrink-logstash-telecom-checkpoint-syslog-ilm-2021.05.12-000268","53618686394","26439836","0","0",,,"NOTHING"
"shrink-logstash-telecom-checkpoint-syslog-ilm-2021.05.04-000247","54141178914","25595229","0","0",,,"NOTHING"
"shrink-logstash-telecom-checkpoint-syslog-ilm-2021.05.12-000267","53079912964","26804867","0","0",,,"NOTHING"
"shrink-logstash-telecom-netscaler-syslog-ilm-2021.06.18-000086","54276111835","81847373","0","0",,,"NOTHING"
"shrink-logstash-telecom-checkpoint-syslog-ilm-2021.05.12-000266","54483204454","26970980","0","0",,,"NOTHING"
"shrink-logstash-telecom-netscaler-syslog-ilm-2021.05.09-000057","54367866647","60665998","0","0",,,"NOTHING"
"filebeat-7.12.1-2021.05.06-000001","1479988433","3170046","0","0",,,"NOTHING"
"shrink-magento-aws-access_log-prod-ilm-2021.06.09-000031","27162717265","31209448","0","0",,,"NOTHING"
"shrink-logstash-telecom-checkpoint-syslog-ilm-2021.05.09-000260","53537629632","27250437","0","0",,,"NOTHING"
"filebeat-7.12.1-2021.05.20-000003","711313124","3102858","0","0",,,"NOTHING"
"shrink-logstash-telecom-netscaler-syslog-ilm-2021.05.15-000062","54414088482","61092459","0","0",,,"NOTHING"
"logstash-telecom-snmptrap-cacti-ilm-2021.05.25-000026","122694345","112087","0","0",,,"NOTHING"
"inspire_log_prod-ilm-2021.04.28-000025","3308595884","5607462","3888537","2.13679939333635","2294370878.12306","DELETE_DOCS","NOTHING"
"shrink-logstash-telecom-checkpoint-syslog-ilm-2021.05.01-000242","53295446694","27227955","2357347","4.29733022117781","4614223190.01779","DELETE_DOCS","NOTHING"
"shrink-logstash-telecom-checkpoint-syslog-ilm-2021.05.01-000241","53462545522","26738350","26738350","0",,,"NOTHING"
"metricbeat-7.10.2-2021.06.30-000043","21538386360","35061960","0","0",,,"NOTHING"
"abc_audit_log_prod-ilm-2021.05.19-000028","1065175877","1389217","0","0",,,"NOTHING"
"shrink-logstash-telecom-checkpoint-syslog-ilm-2021.06.18-000343","53592667215","42228493","0","0",,,"NOTHING"
"shrink-logstash-telecom-checkpoint-syslog-ilm-2021.06.18-000344","53558465167","40768479","0","0",,,"NOTHING"
"winlogbeat-7.13.1-2021.06.05-000008","64947615385","42980136","0","0",,,"NOTHING"
"winlogbeat-7.13.1-2021.06.05-000007","65460402027","42726968","0","0",,,"NOTHING"
"winlogbeat-7.13.1-2021.06.05-000006","64679135745","44552491","0","0",,,"NOTHING"
"metricbeat-7.10.2-2021.06.15-000032","53850260041","93134157","0","0",,,"NOTHING"
"shrink-winlogbeat-7.13.1-2021.06.29-000080","64808059341","44610187","0","0",,,"NOTHING"
"logstash-telecom-fwsm-syslog-ilm-2021.04.29-000022","416","0","0","0",,,"NOTHING"
"shrink-inspire_log_prod-ilm-2021.06.23-000033","3687641325","5452979","0","0",,,"NOTHING"
"logstash-telecom-ttelbfpm02-2021.05.31","53716","6","0","0",,,"NOTHING"
"shrink-winlogbeat-7.13.1-2021.06.29-000082","64654070799","42089472","0","0",,,"NOTHING"
"shrink-winlogbeat-7.13.1-2021.06.29-000081","65527829072","42970130","0","0",,,"NOTHING"
"logstash-telecom-fwsm-syslog-ilm-2021.06.18-000029","416","0","0","0",,,"NOTHING"
"logstash-telecom-coreswitch-syslog-2021.05.01","132653","50","50","0",,,"NOTHING"
"logstash-telecom-coreswitch-syslog-2021.05.02","134038","26","0","0",,,"NOTHING"
"logstash-telecom-elfiq-syslog-ilm-2021.05.17-000025","163089043","482343","0","0",,,"NOTHING"
"logstash-telecom-coreswitch-syslog-2021.05.03","156796","42","0","0",,,"NOTHING"
"logstash-telecom-coreswitch-syslog-2021.05.04","80835","23","0","0",,,"NOTHING"
"logstash-telecom-coreswitch-syslog-2021.05.05","75910","55","0","0",,,"NOTHING"
"logstash-telecom-coreswitch-syslog-2021.05.06","170578","40","0","0",,,"NOTHING"
"logstash-telecom-coreswitch-syslog-2021.05.07","143740","49","0","0",,,"NOTHING"
"logstash-telecom-coreswitch-syslog-2021.05.08","118758","54","0","0",,,"NOTHING"
"logstash-telecom-coreswitch-syslog-2021.05.09","122222","36","0","0",,,"NOTHING"
"filebeat-linux-2021.06.01-000016","208","0","0","0",,,"NOTHING"
"shrink-logstash-telecom-checkpoint-syslog-ilm-2021.05.27-000302","53606020896","28706000","0","0",,,"NOTHING"
"shrink-logstash-telecom-checkpoint-syslog-ilm-2021.05.29-000307","53692303737","26935806","0","0",,,"NOTHING"
"shrink-logstash-telecom-checkpoint-syslog-ilm-2021.05.29-000308","53020179749","26662626","0","0",,,"NOTHING"
".kibana_task_manager_2","41376","5","0","0",,,"NOTHING"
"shrink-logstash-telecom-checkpoint-syslog-ilm-2021.05.27-000304","53262914938","26451005","0","0",,,"NOTHING"
"shrink-logstash-telecom-checkpoint-syslog-ilm-2021.05.27-000303","53258091441","25743771","0","0",,,"NOTHING"
".kibana_task_manager_1","43400","2","0","0",,,"NOTHING"
"filebeat-7.13.0-2021.06.21-000004","12316624","28856","0","0",,,"NOTHING"
".kibana_task_manager_3","181858229","160","0","0",,,"NOTHING"
"shrink-magento-aws-customer_log-prod-ilm-2021.05.05-000026","1295592958","1384559","0","0",,,"NOTHING"
"shrink-logstash-telecom-cisco_asr-syslog-ilm-2021.04.26-000025","20814353","59238","42456","0.0138931822559608","14917690.8566798","DELETE_DOCS","NOTHING"
"logstash-telecom-firepower-syslog-ilm-2021.04.30-000067","54494977414","107877942","89411440","42.0646271327547","45166549463.4039","DELETE_DOCS","NOTHING"
"metricbeat-7.10.2-2021.06.26-000040","53666420108","91588150","0","0",,,"NOTHING"
"shrink-logstash-telecom-dhcp-logs-ilm-2021.06.15-000032","1027905890","1976403","0","0",,,"NOTHING"
".monitoring-beats-7-mb-2021.06.30","1590344819","1126078","0","0",,,"NOTHING"
"shrink-winlogbeat-7.13.1-2021.06.18-000047","65434330212","42949969","0","0",,,"NOTHING"
"shrink-winlogbeat-7.13.1-2021.06.18-000048","64728467282","44298829","0","0",,,"NOTHING"
"shrink-winlogbeat-7.13.1-2021.06.30-000084","65973865724","44965119","0","0",,,"NOTHING"
"shrink-winlogbeat-7.13.1-2021.06.30-000083","65000085700","44398922","0","0",,,"NOTHING"
"shrink-logstash-telecom-firepower-syslog-ilm-2021.06.22-000095","53333721854","95231645","0","0",,,"NOTHING"
"logstash-telecom-elfiq-syslog-ilm-2021.04.26-000022","145486833","435314","305958","0.0952320205615668","102254603.460982","DELETE_DOCS","NOTHING"
"shrink-winlogbeat-7.13.1-2021.06.18-000046","65129073121","44333439","0","0",,,"NOTHING"
"shrink-logstash-telecom-cisco_asr-syslog-ilm-2021.06.15-000032","18876344","54936","0","0",,,"NOTHING"
"logstash-telecom-snmptrap-prime-ilm-2021.05.07-000023","9223744","10384","0","0",,,"NOTHING"
"shrink-filebeat-cluster_elk_prod-2021.06.08-000017","208","0","0","0",,,"NOTHING"
"magento-aws-non_parse-ilm-2021.06.30-000034","2343725","1695","0","0",,,"NOTHING"
"logstash-telecom-snmptrap-prime-ilm-2021.06.18-000029","2105233","10090","0","0",,,"NOTHING"
".monitoring-beats-7-mb-2021.06.26","1433725392","1206717","0","0",,,"NOTHING"
".monitoring-beats-7-mb-2021.06.27","1425783341","1206627","0","0",,,"NOTHING"
"shrink-abc_audit_log_prod-ilm-2021.06.16-000032","1205476264","1523693","0","0",,,"NOTHING"
".monitoring-beats-7-mb-2021.06.24","1431338198","1206713","0","0",,,"NOTHING"
".monitoring-beats-7-mb-2021.06.25","1433097269","1206718","0","0",,,"NOTHING"
"shrink-magento-aws-customer_log-prod-ilm-2021.06.16-000032","642907192","702280","0","0",,,"NOTHING"
".monitoring-beats-7-mb-2021.06.28","1436067004","1206715","0","0",,,"NOTHING"
".monitoring-beats-7-mb-2021.06.29","1435957086","1206717","0","0",,,"NOTHING"
"shrink-magento-aws-access_log-prod-ilm-2021.04.07-000022","27731674816","33002976","33002976","0",,,"NOTHING"
"prc_audit_log_prod-ilm-2021.04.07-000022","1557900330","2265618","2265618","0",,,"NOTHING"
"shrink-metricbeat-linux-2021.03.25-000032","416","0","0","0",,,"NOTHING"
"logstash-telecom-else-2021.06.02","12665490","27945","0","0",,,"NOTHING"
"logstash-telecom-else-2021.06.01","8201210","17632","0","0",,,"NOTHING"
"shrink-metricbeat-linux-2021.06.03-000042","416","0","0","0",,,"NOTHING"
"logstash-telecom-else-2021.06.04","8767779","20208","0","0",,,"NOTHING"
"shrink-logstash-telecom-checkpoint-syslog-ilm-2021.06.11-000332","53405476092","40588168","0","0",,,"NOTHING"
"logstash-telecom-else-2021.06.03","5634422","12331","0","0",,,"NOTHING"
"shrink-logstash-telecom-netscaler-syslog-ilm-2021.06.13-000083","54771606035","83211900","0","0",,,"NOTHING"
"logstash-telecom-else-2021.06.06","11521981","26619","0","0",,,"NOTHING"
"shrink-logstash-telecom-checkpoint-syslog-ilm-2021.06.11-000331","53348729373","40094353","0","0",,,"NOTHING"
"logstash-telecom-else-2021.06.05","9002070","20217","0","0",,,"NOTHING"
"logstash-telecom-checkpoint-syslog-ilm-2021.06.30-000361","34554854696","23280092","0","0",,,"NOTHING"
"shrink-logstash-telecom-netscaler-syslog-ilm-2021.05.13-000060","54197914210","59625242","0","0",,,"NOTHING"
"logstash-telecom-snmptrap-cacti-ilm-2021.06.08-000028","40917002","133264","0","0",,,"NOTHING"
"shrink-filebeat-cluster_elk_prod-2021.04.20-000011","416","0","0","0",,,"NOTHING"
"winlogbeat-7.13.1-2021.06.11-000026","65290896754","45229878","0","0",,,"NOTHING"
"winlogbeat-7.13.1-2021.06.11-000025","65679907901","44185723","0","0",,,"NOTHING"
"winlogbeat-7.13.1-2021.06.11-000024","65376142363","44682614","0","0",,,"NOTHING"
"winlogbeat-7.13.1-2021.06.16-000041","65317088268","41942658","0","0",,,"NOTHING"
"winlogbeat-7.13.1-2021.06.16-000040","64640119515","43588638","0","0",,,"NOTHING"
"shrink-logstash-telecom-cisco_asr-syslog-ilm-2021.05.04-000026","122416122","407483","0","0",,,"NOTHING"
"logstash-telecom-else-2021.06.11","10749057","23823","0","0",,,"NOTHING"
"logstash-telecom-else-2021.06.10","9551549","21465","0","0",,,"NOTHING"
"logstash-telecom-else-2021.06.13","8615584","19832","0","0",,,"NOTHING"
"logstash-telecom-else-2021.06.12","8500540","19734","0","0",,,"NOTHING"
"logstash-telecom-else-2021.06.15","11568846","26037","0","0",,,"NOTHING"
"shrink-metricbeat-linux-2021.05.20-000040","416","0","0","0",,,"NOTHING"
"logstash-telecom-else-2021.06.14","12803583","28387","0","0",,,"NOTHING"
"logstash-telecom-firepower-syslog-ilm-2021.05.02-000068","54365200994","105686737","0","0",,,"NOTHING"
"logstash-telecom-else-2021.06.17","10559186","23246","0","0",,,"NOTHING"
"logstash-telecom-else-2021.06.16","11468770","25366","0","0",,,"NOTHING"
"shrink-logstash-telecom-firepower-syslog-ilm-2021.06.05-000085","53327703411","96694783","0","0",,,"NOTHING"
"logstash-telecom-else-2021.06.08","9723556","21530","0","0",,,"NOTHING"
"logstash-telecom-else-2021.06.07","10427198","23440","0","0",,,"NOTHING"
"shrink-prc_audit_log_prod-ilm-2021.05.26-000029","1734510902","2433898","0","0",,,"NOTHING"
"shrink-logstash-telecom-checkpoint-syslog-ilm-2021.06.22-000350","53488806506","40505247","0","0",,,"NOTHING"
"shrink-magento-aws-non_parse-ilm-2021.04.14-000023","52527816","67903","67903","0",,,"NOTHING"
"logstash-telecom-else-2021.06.09","9518232","21175","0","0",,,"NOTHING"
"shrink-logstash-telecom-checkpoint-syslog-ilm-2021.05.15-000275","53068710984","26483650","0","0",,,"NOTHING"
"shrink-logstash-telecom-checkpoint-syslog-ilm-2021.05.15-000274","53879075194","27388550","0","0",,,"NOTHING"
"shrink-logstash-telecom-checkpoint-syslog-ilm-2021.06.27-000356","53403687056","41441908","0","0",,,"NOTHING"
"shrink-logstash-telecom-checkpoint-syslog-ilm-2021.05.21-000290","53731134943","27039831","0","0",,,"NOTHING"
"logstash-telecom-fwsm-syslog-ilm-2021.05.07-000023","416","0","0","0",,,"NOTHING"
"shrink-inspire_audit_log_prod-ilm-2021.06.23-000033","880076792","1616977","0","0",,,"NOTHING"
"shrink-filebeat-cluster_elk_prod-2021.05.25-000015","208","0","0","0",,,"NOTHING"
"shrink-logstash-telecom-checkpoint-syslog-ilm-2021.05.10-000261","53142080004","26437702","0","0",,,"NOTHING"
"shrink-logstash-telecom-checkpoint-syslog-ilm-2021.05.10-000263","53646702773","26645665","0","0",,,"NOTHING"
"logstash-telecom-else-2021.06.20","8641749","19909","0","0",,,"NOTHING"
"shrink-logstash-telecom-checkpoint-syslog-ilm-2021.05.10-000262","53499427162","25785579","0","0",,,"NOTHING"
"logstash-telecom-else-2021.06.22","10566153","23654","0","0",,,"NOTHING"
"logstash-telecom-cisco_asr-syslog-ilm-2021.06.01-000030","28367152","68078","0","0",,,"NOTHING"
"filebeat-7.12.1-2021.06.03-000005","510533593","2138026","0","0",,,"NOTHING"
"logstash-telecom-elfiq-syslog-ilm-2021.06.28-000031","416","0","0","0",,,"NOTHING"
"logstash-telecom-else-2021.06.21","11083489","24150","0","0",,,"NOTHING"
"logstash-telecom-else-2021.06.24","8710885","20074","0","0",,,"NOTHING"
"logstash-telecom-else-2021.06.23","11569266","26330","0","0",,,"NOTHING"
"logstash-telecom-else-2021.06.26","8538886","19698","0","0",,,"NOTHING"
"logstash-telecom-else-2021.06.25","10215900","22856","0","0",,,"NOTHING"
"logstash-telecom-else-2021.06.28","11507808","26151","0","0",,,"NOTHING"
"logstash-telecom-firepower-syslog-ilm-2021.05.13-000073","54425620452","105885363","0","0",,,"NOTHING"
"shrink-magento-aws-non_parse-ilm-2021.05.19-000028","52732140","67961","0","0",,,"NOTHING"
"logstash-telecom-else-2021.06.27","9121522","20755","0","0",,,"NOTHING"
"filebeat-7.11.1-2021.05.11-000005","3071508266","8454129","1709139","0.57830950770018","620955105.634534","DELETE_DOCS","NOTHING"
"logstash-telecom-else-2021.06.19","10137828","22670","0","0",,,"NOTHING"
"logstash-telecom-else-2021.06.18","9832026","22354","0","0",,,"NOTHING"
"shrink-logstash-telecom-checkpoint-syslog-ilm-2021.06.22-000349","52745946656","39594340","0","0",,,"NOTHING"
"filebeat-7.11.1-2021.06.22-000011","8295301822","9418755","0","0",,,"NOTHING"
"logstash-telecom-else-2021.06.30","9219554","19911","0","0",,,"NOTHING"
".ml-config","205126","46","0","0",,,"NOTHING"
"shrink-logstash-telecom-firepower-syslog-ilm-2021.06.16-000091","53493840632","96938888","0","0",,,"NOTHING"
"logstash-telecom-else-2021.06.29","12424660","27446","0","0",,,"NOTHING"
"filebeat-cluster_elk_prod-2021.06.29-000020","1248","0","0","0",,,"NOTHING"
"inspire_audit_log_prod-ilm-2021.05.26-000029","815326851","1655763","0","0",,,"NOTHING"
"logstash-telecom-firepower-syslog-ilm-2021.06.29-000099","34284695214","55431371","0","0",,,"NOTHING"
"webm_apigw_prd-000020","23274474035","3586314","0","0",,,"NOTHING"
"shrink-magento-aws-access_log-prod-ilm-2021.06.02-000030","26393734583","30298062","0","0",,,"NOTHING"
"logstash-telecom-snmptrap-else-ilm-2021.05.25-000026","416","0","0","0",,,"NOTHING"
"logstash-linux-syslog-2021.06.16-000004","6253607343","10969833","0","0",,,"NOTHING"
"shrink-logstash-telecom-checkpoint-syslog-ilm-2021.05.21-000289","53091273882","25787328","0","0",,,"NOTHING"
"shrink-logstash-telecom-netscaler-syslog-ilm-2021.04.30-000050","54454242766","61318504","50835514","42.0443382729287","45144764466.0475","DELETE_DOCS","NOTHING"
"winlogbeat-7.11.1-2021.05.06-000011","20821209","12429","0","0",,,"NOTHING"
